<?xml version="1.0" encoding="UTF-8"?><project xmlns="http://maven.apache.org/POM/4.0.0" xmlns:xsi="http://www.w3.org/2001/XMLSchema-instance" xsi:schemaLocation="http://maven.apache.org/POM/4.0.0 http://maven.apache.org/xsd/maven-4.0.0.xsd">
	<modelVersion>4.0.0</modelVersion>
	<groupId>org.springframework.boot</groupId>
	<artifactId>spring-boot-dependencies</artifactId>
	<version>1.3.1.BUILD-SNAPSHOT</version>
	<packaging>pom</packaging>
	<name>Spring Boot Dependencies</name>
	<description>Spring Boot Dependencies</description>
	<url>http://projects.spring.io/spring-boot/</url>
	<organization>
		<name>Pivotal Software, Inc.</name>
		<url>http://www.spring.io</url>
	</organization>
	<licenses>
		<license>
			<name>Apache License, Version 2.0</name>
			<url>http://www.apache.org/licenses/LICENSE-2.0</url>
		</license>
	</licenses>
	<scm>
		<url>https://github.com/spring-projects/spring-boot</url>
	</scm>
	<developers>
		<developer>
			<id>pwebb</id>
			<name>Phillip Webb</name>
			<email>pwebb at pivotal.io</email>
			<organization>Pivotal Software, Inc.</organization>
			<organizationUrl>http://www.spring.io</organizationUrl>
			<roles>
				<role>Project lead</role>
			</roles>
		</developer>
		<developer>
			<id>dsyer</id>
			<name>Dave Syer</name>
			<email>dsyer at pivotal.io</email>
			<organization>Pivotal Software, Inc.</organization>
			<organizationUrl>http://www.spring.io</organizationUrl>
			<roles>
				<role>Project lead</role>
			</roles>
		</developer>
	</developers>
	<properties>
		<!-- Spring Boot -->
		<spring-boot.version>1.3.1.BUILD-SNAPSHOT</spring-boot.version>
		<!-- Third Party -->
		<activemq.version>5.12.1</activemq.version>
		<antlr2.version>2.7.7</antlr2.version>
		<artemis.version>1.1.0</artemis.version>
		<aspectj.version>1.8.7</aspectj.version>
		<atomikos.version>3.9.3</atomikos.version>
		<bitronix.version>2.1.4</bitronix.version>
		<cassandra-driver.version>2.1.9</cassandra-driver.version>
		<commons-beanutils.version>1.9.2</commons-beanutils.version>
		<commons-collections.version>3.2.2</commons-collections.version>
		<commons-dbcp.version>1.4</commons-dbcp.version>
		<commons-dbcp2.version>2.1.1</commons-dbcp2.version>
		<commons-digester.version>2.1</commons-digester.version>
		<commons-pool.version>1.6</commons-pool.version>
		<commons-pool2.version>2.4.2</commons-pool2.version>
		<crashub.version>1.3.2</crashub.version>
		<derby.version>10.12.1.1</derby.version>
		<dropwizard-metrics.version>3.1.2</dropwizard-metrics.version>
		<ehcache.version>2.10.1</ehcache.version>
		<embedded-mongo.version>1.50.0</embedded-mongo.version>
		<flyway.version>3.2.1</flyway.version>
		<freemarker.version>2.3.23</freemarker.version>
		<elasticsearch.version>1.5.2</elasticsearch.version>
		<gemfire.version>8.1.0</gemfire.version>
		<glassfish-el.version>3.0.0</glassfish-el.version>
		<gradle.version>1.12</gradle.version>
		<groovy.version>2.4.4</groovy.version>
		<gson.version>2.3.1</gson.version>
		<h2.version>1.4.190</h2.version>
		<hamcrest.version>1.3</hamcrest.version>
		<hazelcast.version>3.5.3</hazelcast.version>
		<hibernate.version>4.3.11.Final</hibernate.version>
		<hibernate-validator.version>5.2.2.Final</hibernate-validator.version>
		<hikaricp.version>2.4.2</hikaricp.version>
		<hikaricp-java6.version>2.3.12</hikaricp-java6.version>
		<hornetq.version>2.4.7.Final</hornetq.version>
		<hsqldb.version>2.3.3</hsqldb.version>
		<httpasyncclient.version>4.1.1</httpasyncclient.version>
		<httpclient.version>4.5.1</httpclient.version>
		<httpcore.version>4.4.4</httpcore.version>
		<infinispan.version>8.0.1.Final</infinispan.version>
		<jackson.version>2.6.3</jackson.version>
		<janino.version>2.7.8</janino.version>
		<javassist.version>3.18.1-GA</javassist.version> <!-- Same as Hibernate -->
		<javax-cache.version>1.0.0</javax-cache.version>
		<javax-mail.version>1.5.4</javax-mail.version>
		<javax-transaction.version>1.2</javax-transaction.version>
		<jaxen.version>1.1.6</jaxen.version>
		<jaybird.version>2.2.9</jaybird.version>
		<jboss-logging.version>3.3.0.Final</jboss-logging.version>
		<jdom2.version>2.0.6</jdom2.version>
		<jedis.version>2.7.3</jedis.version>
		<jersey.version>2.22.1</jersey.version>
		<jetty.version>9.2.14.v20151106</jetty.version>
		<jetty-jsp.version>2.2.0.v201112011158</jetty-jsp.version>
		<jmustache.version>1.11</jmustache.version>
		<joda-time.version>2.8.2</joda-time.version>
		<jolokia.version>1.3.2</jolokia.version>
		<jooq.version>3.7.1</jooq.version>
		<json.version>20140107</json.version>
		<jsonassert.version>1.2.3</jsonassert.version>
		<json-path.version>2.0.0</json-path.version>
		<jstl.version>1.2</jstl.version>
		<junit.version>4.12</junit.version>
		<liquibase.version>3.4.1</liquibase.version>
		<log4j.version>1.2.17</log4j.version>
		<log4j2.version>2.4.1</log4j2.version>
		<logback.version>1.1.3</logback.version>
		<mariadb.version>1.2.3</mariadb.version>
		<mockito.version>1.10.19</mockito.version>
		<mongodb.version>2.13.3</mongodb.version>
		<mysql.version>5.1.37</mysql.version>
		<nekohtml.version>1.9.22</nekohtml.version>
		<postgresql.version>9.4-1205-jdbc41</postgresql.version>
		<reactor.version>2.0.7.RELEASE</reactor.version>
		<reactor-spring.version>2.0.6.RELEASE</reactor-spring.version>
		<sendgrid.version>2.2.2</sendgrid.version>
		<servlet-api.version>3.1.0</servlet-api.version>
		<simple-json.version>1.1.1</simple-json.version>
		<slf4j.version>1.7.13</slf4j.version>
		<snakeyaml.version>1.16</snakeyaml.version>
		<solr.version>4.10.4</solr.version>
		<spock.version>1.0-groovy-2.4</spock.version>
		<spring.version>4.2.3.RELEASE</spring.version>
		<spring-amqp.version>1.5.2.RELEASE</spring-amqp.version>
		<spring-cloud-connectors.version>1.2.0.RELEASE</spring-cloud-connectors.version>
		<spring-batch.version>3.0.5.RELEASE</spring-batch.version>
		<spring-data-releasetrain.version>Gosling-SR1</spring-data-releasetrain.version>
		<spring-hateoas.version>0.19.0.RELEASE</spring-hateoas.version>
		<spring-integration.version>4.2.1.RELEASE</spring-integration.version>
		<spring-loaded.version>1.2.4.RELEASE</spring-loaded.version>
		<spring-mobile.version>1.1.5.RELEASE</spring-mobile.version>
		<spring-plugin.version>1.2.0.RELEASE</spring-plugin.version>
		<spring-restdocs.version>1.0.0.RELEASE</spring-restdocs.version>
		<spring-retry.version>1.1.2.RELEASE</spring-retry.version>
		<spring-security.version>4.0.3.RELEASE</spring-security.version>
		<spring-security-jwt.version>1.0.3.RELEASE</spring-security-jwt.version>
		<spring-security-oauth.version>2.0.8.RELEASE</spring-security-oauth.version>
		<spring-session.version>1.0.2.RELEASE</spring-session.version>
		<spring-social.version>1.1.4.RELEASE</spring-social.version>
		<spring-social-facebook.version>2.0.2.RELEASE</spring-social-facebook.version>
		<spring-social-linkedin.version>1.0.2.RELEASE</spring-social-linkedin.version>
		<spring-social-twitter.version>1.1.2.RELEASE</spring-social-twitter.version>
		<spring-ws.version>2.2.3.RELEASE</spring-ws.version>
		<statsd-client.version>3.1.0</statsd-client.version>
		<sun-mail.version>${javax-mail.version}</sun-mail.version>
		<thymeleaf.version>2.1.4.RELEASE</thymeleaf.version>
		<thymeleaf-extras-springsecurity4.version>2.1.2.RELEASE</thymeleaf-extras-springsecurity4.version>
		<thymeleaf-extras-conditionalcomments.version>2.1.1.RELEASE</thymeleaf-extras-conditionalcomments.version>
		<thymeleaf-layout-dialect.version>1.3.1</thymeleaf-layout-dialect.version>
		<thymeleaf-extras-data-attribute.version>1.3</thymeleaf-extras-data-attribute.version>
		<tomcat.version>8.0.28</tomcat.version>
		<undertow.version>1.3.5.Final</undertow.version>
		<velocity.version>1.7</velocity.version>
		<velocity-tools.version>2.0</velocity-tools.version>
		<webjars-hal-browser.version>9f96c74</webjars-hal-browser.version>
		<webjars-locator.version>0.28</webjars-locator.version>
		<wsdl4j.version>1.6.3</wsdl4j.version>
	</properties>
	<prerequisites>
		<maven>3.2.1</maven>
	</prerequisites>
	<dependencyManagement>
		<dependencies>
			<!-- Spring Boot -->
			<dependency>
				<groupId>org.springframework.boot</groupId>
				<artifactId>spring-boot</artifactId>
				<version>1.3.1.BUILD-SNAPSHOT</version>
			</dependency>
			<dependency>
				<groupId>org.springframework.boot</groupId>
				<artifactId>spring-boot</artifactId>
				<type>test-jar</type>
				<version>1.3.1.BUILD-SNAPSHOT</version>
			</dependency>
			<dependency>
				<groupId>org.springframework.boot</groupId>
				<artifactId>spring-boot-actuator</artifactId>
				<version>1.3.1.BUILD-SNAPSHOT</version>
			</dependency>
			<dependency>
				<groupId>org.springframework.boot</groupId>
				<artifactId>spring-boot-actuator-docs</artifactId>
				<version>1.3.1.BUILD-SNAPSHOT</version>
			</dependency>
			<dependency>
				<groupId>org.springframework.boot</groupId>
				<artifactId>spring-boot-autoconfigure</artifactId>
				<version>1.3.1.BUILD-SNAPSHOT</version>
			</dependency>
			<dependency>
				<groupId>org.springframework.boot</groupId>
				<artifactId>spring-boot-configuration-metadata</artifactId>
				<version>1.3.1.BUILD-SNAPSHOT</version>
			</dependency>
			<dependency>
				<groupId>org.springframework.boot</groupId>
				<artifactId>spring-boot-configuration-processor</artifactId>
				<version>1.3.1.BUILD-SNAPSHOT</version>
			</dependency>
			<dependency>
				<groupId>org.springframework.boot</groupId>
				<artifactId>spring-boot-devtools</artifactId>
				<version>1.3.1.BUILD-SNAPSHOT</version>
			</dependency>
			<dependency>
				<groupId>org.springframework.boot</groupId>
				<artifactId>spring-boot-loader</artifactId>
				<version>1.3.1.BUILD-SNAPSHOT</version>
			</dependency>
			<dependency>
				<groupId>org.springframework.boot</groupId>
				<artifactId>spring-boot-loader-tools</artifactId>
				<version>1.3.1.BUILD-SNAPSHOT</version>
			</dependency>
			<dependency>
				<groupId>org.springframework.boot</groupId>
				<artifactId>spring-boot-starter</artifactId>
				<version>1.3.1.BUILD-SNAPSHOT</version>
				<exclusions>
					<exclusion>
						<groupId>commons-logging</groupId>
						<artifactId>commons-logging</artifactId>
					</exclusion>
				</exclusions>
			</dependency>
			<dependency>
				<groupId>org.springframework.boot</groupId>
				<artifactId>spring-boot-starter-actuator</artifactId>
				<version>1.3.1.BUILD-SNAPSHOT</version>
			</dependency>
			<dependency>
				<groupId>org.springframework.boot</groupId>
				<artifactId>spring-boot-starter-amqp</artifactId>
				<version>1.3.1.BUILD-SNAPSHOT</version>
			</dependency>
			<dependency>
				<groupId>org.springframework.boot</groupId>
				<artifactId>spring-boot-starter-aop</artifactId>
				<version>1.3.1.BUILD-SNAPSHOT</version>
			</dependency>
			<dependency>
				<groupId>org.springframework.boot</groupId>
				<artifactId>spring-boot-starter-artemis</artifactId>
				<version>1.3.1.BUILD-SNAPSHOT</version>
			</dependency>
			<dependency>
				<groupId>org.springframework.boot</groupId>
				<artifactId>spring-boot-starter-batch</artifactId>
				<version>1.3.1.BUILD-SNAPSHOT</version>
			</dependency>
			<dependency>
				<groupId>org.springframework.boot</groupId>
				<artifactId>spring-boot-starter-cache</artifactId>
				<version>1.3.1.BUILD-SNAPSHOT</version>
			</dependency>
			<dependency>
				<groupId>org.springframework.boot</groupId>
				<artifactId>spring-boot-starter-cloud-connectors</artifactId>
				<version>1.3.1.BUILD-SNAPSHOT</version>
			</dependency>
			<dependency>
				<groupId>org.springframework.boot</groupId>
				<artifactId>spring-boot-starter-data-cassandra</artifactId>
				<version>1.3.1.BUILD-SNAPSHOT</version>
			</dependency>
			<dependency>
				<groupId>org.springframework.boot</groupId>
				<artifactId>spring-boot-starter-data-elasticsearch</artifactId>
				<version>1.3.1.BUILD-SNAPSHOT</version>
			</dependency>
			<dependency>
				<groupId>org.springframework.boot</groupId>
				<artifactId>spring-boot-starter-data-gemfire</artifactId>
				<version>1.3.1.BUILD-SNAPSHOT</version>
			</dependency>
			<dependency>
				<groupId>org.springframework.boot</groupId>
				<artifactId>spring-boot-starter-data-jpa</artifactId>
				<version>1.3.1.BUILD-SNAPSHOT</version>
			</dependency>
			<dependency>
				<groupId>org.springframework.boot</groupId>
				<artifactId>spring-boot-starter-data-mongodb</artifactId>
				<version>1.3.1.BUILD-SNAPSHOT</version>
			</dependency>
			<dependency>
				<groupId>org.springframework.boot</groupId>
				<artifactId>spring-boot-starter-data-rest</artifactId>
				<version>1.3.1.BUILD-SNAPSHOT</version>
			</dependency>
			<dependency>
				<groupId>org.springframework.boot</groupId>
				<artifactId>spring-boot-starter-data-solr</artifactId>
				<version>1.3.1.BUILD-SNAPSHOT</version>
			</dependency>
			<dependency>
				<groupId>org.springframework.boot</groupId>
				<artifactId>spring-boot-starter-freemarker</artifactId>
				<version>1.3.1.BUILD-SNAPSHOT</version>
			</dependency>
			<dependency>
				<groupId>org.springframework.boot</groupId>
				<artifactId>spring-boot-starter-groovy-templates</artifactId>
				<version>1.3.1.BUILD-SNAPSHOT</version>
			</dependency>
			<dependency>
				<groupId>org.springframework.boot</groupId>
				<artifactId>spring-boot-starter-hateoas</artifactId>
				<version>1.3.1.BUILD-SNAPSHOT</version>
			</dependency>
			<dependency>
				<groupId>org.springframework.boot</groupId>
				<artifactId>spring-boot-starter-hornetq</artifactId>
				<version>1.3.1.BUILD-SNAPSHOT</version>
			</dependency>
			<dependency>
				<groupId>org.springframework.boot</groupId>
				<artifactId>spring-boot-starter-integration</artifactId>
				<version>1.3.1.BUILD-SNAPSHOT</version>
			</dependency>
			<dependency>
				<groupId>org.springframework.boot</groupId>
				<artifactId>spring-boot-starter-jdbc</artifactId>
				<version>1.3.1.BUILD-SNAPSHOT</version>
			</dependency>
			<dependency>
				<groupId>org.springframework.boot</groupId>
				<artifactId>spring-boot-starter-jersey</artifactId>
				<version>1.3.1.BUILD-SNAPSHOT</version>
			</dependency>
			<dependency>
				<groupId>org.springframework.boot</groupId>
				<artifactId>spring-boot-starter-jetty</artifactId>
				<version>1.3.1.BUILD-SNAPSHOT</version>
			</dependency>
			<dependency>
				<groupId>org.springframework.boot</groupId>
				<artifactId>spring-boot-starter-jooq</artifactId>
				<version>1.3.1.BUILD-SNAPSHOT</version>
			</dependency>
			<dependency>
				<groupId>org.springframework.boot</groupId>
				<artifactId>spring-boot-starter-jta-atomikos</artifactId>
				<version>1.3.1.BUILD-SNAPSHOT</version>
			</dependency>
			<dependency>
				<groupId>org.springframework.boot</groupId>
				<artifactId>spring-boot-starter-jta-bitronix</artifactId>
				<version>1.3.1.BUILD-SNAPSHOT</version>
			</dependency>
			<dependency>
				<groupId>org.springframework.boot</groupId>
				<artifactId>spring-boot-starter-undertow</artifactId>
				<version>1.3.1.BUILD-SNAPSHOT</version>
			</dependency>
			<dependency>
				<groupId>org.springframework.boot</groupId>
				<artifactId>spring-boot-starter-log4j</artifactId>
				<version>1.3.1.BUILD-SNAPSHOT</version>
			</dependency>
			<dependency>
				<groupId>org.springframework.boot</groupId>
				<artifactId>spring-boot-starter-log4j2</artifactId>
				<version>1.3.1.BUILD-SNAPSHOT</version>
			</dependency>
			<dependency>
				<groupId>org.springframework.boot</groupId>
				<artifactId>spring-boot-starter-logging</artifactId>
				<version>1.3.1.BUILD-SNAPSHOT</version>
			</dependency>
			<dependency>
				<groupId>org.springframework.boot</groupId>
				<artifactId>spring-boot-starter-mail</artifactId>
				<version>1.3.1.BUILD-SNAPSHOT</version>
			</dependency>
			<dependency>
				<groupId>org.springframework.boot</groupId>
				<artifactId>spring-boot-starter-mobile</artifactId>
				<version>1.3.1.BUILD-SNAPSHOT</version>
			</dependency>
			<dependency>
				<groupId>org.springframework.boot</groupId>
				<artifactId>spring-boot-starter-mustache</artifactId>
				<version>1.3.1.BUILD-SNAPSHOT</version>
			</dependency>
			<dependency>
				<groupId>org.springframework.boot</groupId>
				<artifactId>spring-boot-starter-redis</artifactId>
				<version>1.3.1.BUILD-SNAPSHOT</version>
			</dependency>
			<dependency>
				<groupId>org.springframework.boot</groupId>
				<artifactId>spring-boot-starter-remote-shell</artifactId>
				<version>1.3.1.BUILD-SNAPSHOT</version>
			</dependency>
			<dependency>
				<groupId>org.springframework.boot</groupId>
				<artifactId>spring-boot-starter-security</artifactId>
				<version>1.3.1.BUILD-SNAPSHOT</version>
			</dependency>
			<dependency>
				<groupId>org.springframework.boot</groupId>
				<artifactId>spring-boot-starter-social-facebook</artifactId>
				<version>1.3.1.BUILD-SNAPSHOT</version>
			</dependency>
			<dependency>
				<groupId>org.springframework.boot</groupId>
				<artifactId>spring-boot-starter-social-linkedin</artifactId>
				<version>1.3.1.BUILD-SNAPSHOT</version>
			</dependency>
			<dependency>
				<groupId>org.springframework.boot</groupId>
				<artifactId>spring-boot-starter-social-twitter</artifactId>
				<version>1.3.1.BUILD-SNAPSHOT</version>
			</dependency>
			<dependency>
				<groupId>org.springframework.boot</groupId>
				<artifactId>spring-boot-starter-test</artifactId>
				<version>1.3.1.BUILD-SNAPSHOT</version>
				<exclusions>
					<exclusion>
						<groupId>commons-logging</groupId>
						<artifactId>commons-logging</artifactId>
					</exclusion>
				</exclusions>
			</dependency>
			<dependency>
				<groupId>org.springframework.boot</groupId>
				<artifactId>spring-boot-starter-thymeleaf</artifactId>
				<version>1.3.1.BUILD-SNAPSHOT</version>
			</dependency>
			<dependency>
				<groupId>org.springframework.boot</groupId>
				<artifactId>spring-boot-starter-tomcat</artifactId>
				<version>1.3.1.BUILD-SNAPSHOT</version>
			</dependency>
			<dependency>
				<groupId>org.springframework.boot</groupId>
				<artifactId>spring-boot-starter-validation</artifactId>
				<version>1.3.1.BUILD-SNAPSHOT</version>
			</dependency>
			<dependency>
				<groupId>org.springframework.boot</groupId>
				<artifactId>spring-boot-starter-velocity</artifactId>
				<version>1.3.1.BUILD-SNAPSHOT</version>
			</dependency>
			<dependency>
				<groupId>org.springframework.boot</groupId>
				<artifactId>spring-boot-starter-web</artifactId>
				<version>1.3.1.BUILD-SNAPSHOT</version>
			</dependency>
			<dependency>
				<groupId>org.springframework.boot</groupId>
				<artifactId>spring-boot-starter-websocket</artifactId>
				<version>1.3.1.BUILD-SNAPSHOT</version>
			</dependency>
			<dependency>
				<groupId>org.springframework.boot</groupId>
				<artifactId>spring-boot-starter-ws</artifactId>
				<version>1.3.1.BUILD-SNAPSHOT</version>
			</dependency>

			<!-- Third Party -->
			<dependency>
				<groupId>antlr</groupId>
				<artifactId>antlr</artifactId>
				<version>${antlr2.version}</version>
			</dependency>
			<dependency>
				<groupId>ch.qos.logback</groupId>
				<artifactId>logback-access</artifactId>
				<version>${logback.version}</version>
			</dependency>
			<dependency>
				<groupId>ch.qos.logback</groupId>
				<artifactId>logback-classic</artifactId>
				<version>${logback.version}</version>
			</dependency>
			<dependency>
				<groupId>com.atomikos</groupId>
				<artifactId>transactions-jdbc</artifactId>
				<version>${atomikos.version}</version>
			</dependency>
			<dependency>
				<groupId>com.atomikos</groupId>
				<artifactId>transactions-jms</artifactId>
				<version>${atomikos.version}</version>
			</dependency>
			<dependency>
				<groupId>com.atomikos</groupId>
				<artifactId>transactions-jta</artifactId>
				<version>${atomikos.version}</version>
			</dependency>
			<dependency>
				<groupId>com.datastax.cassandra</groupId>
				<artifactId>cassandra-driver-core</artifactId>
				<version>${cassandra-driver.version}</version>
			</dependency>
			<dependency>
				<groupId>com.datastax.cassandra</groupId>
				<artifactId>cassandra-driver-dse</artifactId>
				<version>${cassandra-driver.version}</version>
			</dependency>
			<dependency>
				<groupId>com.datastax.cassandra</groupId>
				<artifactId>cassandra-driver-mapping</artifactId>
				<version>${cassandra-driver.version}</version>
			</dependency>
			<dependency>
				<groupId>com.fasterxml.jackson.core</groupId>
				<artifactId>jackson-annotations</artifactId>
				<version>${jackson.version}</version>
			</dependency>
			<dependency>
				<groupId>com.fasterxml.jackson.core</groupId>
				<artifactId>jackson-core</artifactId>
				<version>${jackson.version}</version>
			</dependency>
			<dependency>
				<groupId>com.fasterxml.jackson.core</groupId>
				<artifactId>jackson-databind</artifactId>
				<version>${jackson.version}</version>
			</dependency>
			<dependency>
				<groupId>com.fasterxml.jackson.dataformat</groupId>
				<artifactId>jackson-dataformat-csv</artifactId>
				<version>${jackson.version}</version>
			</dependency>
			<dependency>
				<groupId>com.fasterxml.jackson.dataformat</groupId>
				<artifactId>jackson-dataformat-xml</artifactId>
				<version>${jackson.version}</version>
			</dependency>
			<dependency>
				<groupId>com.fasterxml.jackson.dataformat</groupId>
				<artifactId>jackson-dataformat-yaml</artifactId>
				<version>${jackson.version}</version>
			</dependency>
			<dependency>
				<groupId>com.fasterxml.jackson.datatype</groupId>
				<artifactId>jackson-datatype-hibernate4</artifactId>
				<version>${jackson.version}</version>
			</dependency>
			<dependency>
				<groupId>com.fasterxml.jackson.datatype</groupId>
				<artifactId>jackson-datatype-hibernate5</artifactId>
				<version>${jackson.version}</version>
			</dependency>
			<dependency>
				<groupId>com.fasterxml.jackson.datatype</groupId>
				<artifactId>jackson-datatype-jdk7</artifactId>
				<version>${jackson.version}</version>
			</dependency>
			<dependency>
				<groupId>com.fasterxml.jackson.datatype</groupId>
				<artifactId>jackson-datatype-jdk8</artifactId>
				<version>${jackson.version}</version>
			</dependency>
			<dependency>
				<groupId>com.fasterxml.jackson.datatype</groupId>
				<artifactId>jackson-datatype-joda</artifactId>
				<version>${jackson.version}</version>
			</dependency>
			<dependency>
				<groupId>com.fasterxml.jackson.datatype</groupId>
				<artifactId>jackson-datatype-jsr310</artifactId>
				<version>${jackson.version}</version>
			</dependency>
			<dependency>
				<groupId>com.fasterxml.jackson.module</groupId>
				<artifactId>jackson-module-parameter-names</artifactId>
				<version>${jackson.version}</version>
			</dependency>
			<dependency>
				<groupId>com.gemstone.gemfire</groupId>
				<artifactId>gemfire</artifactId>
				<version>${gemfire.version}</version>
				<exclusions>
					<exclusion>
						<groupId>org.springframework.data</groupId>
						<artifactId>spring-data-gemfire</artifactId>
					</exclusion>
				</exclusions>
			</dependency>
			<dependency>
				<groupId>com.github.mxab.thymeleaf.extras</groupId>
				<artifactId>thymeleaf-extras-data-attribute</artifactId>
				<version>${thymeleaf-extras-data-attribute.version}</version>
			</dependency>
			<dependency>
				<groupId>com.google.code.gson</groupId>
				<artifactId>gson</artifactId>
				<version>${gson.version}</version>
			</dependency>
			<dependency>
				<groupId>com.googlecode.json-simple</groupId>
				<artifactId>json-simple</artifactId>
				<version>${simple-json.version}</version>
				<optional>true</optional>
			</dependency>
			<dependency>
				<groupId>com.h2database</groupId>
				<artifactId>h2</artifactId>
				<version>${h2.version}</version>
			</dependency>
			<dependency>
				<groupId>com.hazelcast</groupId>
				<artifactId>hazelcast</artifactId>
				<version>${hazelcast.version}</version>
			</dependency>
			<dependency>
				<groupId>com.hazelcast</groupId>
				<artifactId>hazelcast-hibernate4</artifactId>
				<version>${hazelcast.version}</version>
			</dependency>
			<dependency>
				<groupId>com.hazelcast</groupId>
				<artifactId>hazelcast-spring</artifactId>
				<version>${hazelcast.version}</version>
			</dependency>
			<dependency>
				<groupId>com.jayway.jsonpath</groupId>
				<artifactId>json-path</artifactId>
				<version>${json-path.version}</version>
			</dependency>
			<dependency>
				<groupId>com.jayway.jsonpath</groupId>
				<artifactId>json-path-assert</artifactId>
				<version>${json-path.version}</version>
			</dependency>
			<dependency>
				<groupId>com.samskivert</groupId>
				<artifactId>jmustache</artifactId>
				<version>${jmustache.version}</version>
			</dependency>
			<dependency>
				<groupId>com.sendgrid</groupId>
				<artifactId>sendgrid-java</artifactId>
				<version>${sendgrid.version}</version>
			</dependency>
			<dependency>
				<groupId>com.sun.mail</groupId>
				<artifactId>javax.mail</artifactId>
				<version>${sun-mail.version}</version>
			</dependency>
			<dependency>
				<groupId>com.timgroup</groupId>
				<artifactId>java-statsd-client</artifactId>
				<version>${statsd-client.version}</version>
			</dependency>
			<dependency>
				<groupId>com.zaxxer</groupId>
				<artifactId>HikariCP</artifactId>
				<version>${hikaricp.version}</version>
			</dependency>
			<dependency>
				<groupId>com.zaxxer</groupId>
				<artifactId>HikariCP-java6</artifactId>
				<version>${hikaricp-java6.version}</version>
			</dependency>
			<dependency>
				<groupId>commons-beanutils</groupId>
				<artifactId>commons-beanutils</artifactId>
				<version>${commons-beanutils.version}</version>
				<exclusions>
					<exclusion>
						<groupId>commons-logging</groupId>
						<artifactId>commons-logging</artifactId>
					</exclusion>
				</exclusions>
			</dependency>
			<dependency>
				<groupId>commons-collections</groupId>
				<artifactId>commons-collections</artifactId>
				<version>${commons-collections.version}</version>
			</dependency>
			<dependency>
				<groupId>commons-dbcp</groupId>
				<artifactId>commons-dbcp</artifactId>
				<version>${commons-dbcp.version}</version>
			</dependency>
			<dependency>
				<groupId>commons-digester</groupId>
				<artifactId>commons-digester</artifactId>
				<version>${commons-digester.version}</version>
				<exclusions>
					<exclusion>
						<groupId>commons-logging</groupId>
						<artifactId>commons-logging</artifactId>
					</exclusion>
				</exclusions>
			</dependency>
			<dependency>
				<groupId>commons-pool</groupId>
				<artifactId>commons-pool</artifactId>
				<version>${commons-pool.version}</version>
			</dependency>
			<dependency>
				<groupId>de.flapdoodle.embed</groupId>
				<artifactId>de.flapdoodle.embed.mongo</artifactId>
				<version>${embedded-mongo.version}</version>
			</dependency>
			<dependency>
				<groupId>io.dropwizard.metrics</groupId>
				<artifactId>metrics-core</artifactId>
				<version>${dropwizard-metrics.version}</version>
			</dependency>
			<dependency>
				<groupId>io.dropwizard.metrics</groupId>
				<artifactId>metrics-ganglia</artifactId>
				<version>${dropwizard-metrics.version}</version>
			</dependency>
			<dependency>
				<groupId>io.dropwizard.metrics</groupId>
				<artifactId>metrics-graphite</artifactId>
				<version>${dropwizard-metrics.version}</version>
			</dependency>
			<dependency>
				<groupId>io.dropwizard.metrics</groupId>
				<artifactId>metrics-servlets</artifactId>
				<version>${dropwizard-metrics.version}</version>
			</dependency>
			<dependency>
				<groupId>io.projectreactor</groupId>
				<artifactId>reactor-bus</artifactId>
				<version>${reactor.version}</version>
			</dependency>
			<dependency>
				<groupId>io.projectreactor</groupId>
				<artifactId>reactor-core</artifactId>
				<version>${reactor.version}</version>
			</dependency>
			<dependency>
				<groupId>io.projectreactor</groupId>
				<artifactId>reactor-groovy</artifactId>
				<version>${reactor.version}</version>
			</dependency>
			<dependency>
				<groupId>io.projectreactor</groupId>
				<artifactId>reactor-groovy-extensions</artifactId>
				<version>${reactor.version}</version>
			</dependency>
			<dependency>
				<groupId>io.projectreactor</groupId>
				<artifactId>reactor-logback</artifactId>
				<version>${reactor.version}</version>
			</dependency>
			<dependency>
				<groupId>io.projectreactor</groupId>
				<artifactId>reactor-net</artifactId>
				<version>${reactor.version}</version>
			</dependency>
			<dependency>
				<groupId>io.projectreactor</groupId>
				<artifactId>reactor-stream</artifactId>
				<version>${reactor.version}</version>
			</dependency>
			<dependency>
				<groupId>io.projectreactor.spring</groupId>
				<artifactId>reactor-spring-context</artifactId>
				<version>${reactor-spring.version}</version>
			</dependency>
			<dependency>
				<groupId>io.projectreactor.spring</groupId>
				<artifactId>reactor-spring-core</artifactId>
				<version>${reactor-spring.version}</version>
			</dependency>
			<dependency>
				<groupId>io.projectreactor.spring</groupId>
				<artifactId>reactor-spring-messaging</artifactId>
				<version>${reactor-spring.version}</version>
			</dependency>
			<dependency>
				<groupId>io.projectreactor.spring</groupId>
				<artifactId>reactor-spring-webmvc</artifactId>
				<version>${reactor-spring.version}</version>
			</dependency>
			<dependency>
				<groupId>io.undertow</groupId>
				<artifactId>undertow-core</artifactId>
				<version>${undertow.version}</version>
			</dependency>
			<dependency>
				<groupId>io.undertow</groupId>
				<artifactId>undertow-servlet</artifactId>
				<version>${undertow.version}</version>
			</dependency>
			<dependency>
				<groupId>io.undertow</groupId>
				<artifactId>undertow-websockets-jsr</artifactId>
				<version>${undertow.version}</version>
			</dependency>
			<dependency>
				<groupId>javax.cache</groupId>
				<artifactId>cache-api</artifactId>
				<version>${javax-cache.version}</version>
			</dependency>
			<dependency>
				<groupId>javax.jms</groupId>
				<artifactId>jms-api</artifactId>
				<version>1.1-rev-1</version>
			</dependency>
			<dependency>
				<groupId>javax.mail</groupId>
				<artifactId>javax.mail-api</artifactId>
				<version>${javax-mail.version}</version>
			</dependency>
			<dependency>
				<groupId>javax.servlet</groupId>
				<artifactId>javax.servlet-api</artifactId>
				<version>${servlet-api.version}</version>
			</dependency>
			<dependency>
				<groupId>javax.servlet</groupId>
				<artifactId>jstl</artifactId>
				<version>${jstl.version}</version>
			</dependency>
			<dependency>
				<groupId>javax.transaction</groupId>
				<artifactId>javax.transaction-api</artifactId>
				<version>${javax-transaction.version}</version>
			</dependency>
			<dependency>
				<groupId>jaxen</groupId>
				<artifactId>jaxen</artifactId>
				<version>${jaxen.version}</version>
			</dependency>
			<dependency>
				<groupId>joda-time</groupId>
				<artifactId>joda-time</artifactId>
				<version>${joda-time.version}</version>
			</dependency>
			<dependency>
				<groupId>junit</groupId>
				<artifactId>junit</artifactId>
				<version>${junit.version}</version>
			</dependency>
			<dependency>
				<groupId>log4j</groupId>
				<artifactId>log4j</artifactId>
				<version>${log4j.version}</version>
			</dependency>
			<dependency>
				<groupId>mysql</groupId>
				<artifactId>mysql-connector-java</artifactId>
				<version>${mysql.version}</version>
			</dependency>
			<dependency>
				<groupId>net.sf.ehcache</groupId>
				<artifactId>ehcache</artifactId>
				<version>${ehcache.version}</version>
			</dependency>
			<dependency>
				<groupId>net.sourceforge.nekohtml</groupId>
				<artifactId>nekohtml</artifactId>
				<version>${nekohtml.version}</version>
			</dependency>
			<dependency>
				<groupId>nz.net.ultraq.thymeleaf</groupId>
				<artifactId>thymeleaf-layout-dialect</artifactId>
				<version>${thymeleaf-layout-dialect.version}</version>
			</dependency>
			<dependency>
				<groupId>org.apache.activemq</groupId>
				<artifactId>activemq-amqp</artifactId>
				<version>${activemq.version}</version>
			</dependency>
			<dependency>
				<groupId>org.apache.activemq</groupId>
				<artifactId>activemq-blueprint</artifactId>
				<version>${activemq.version}</version>
			</dependency>
			<dependency>
				<groupId>org.apache.activemq</groupId>
				<artifactId>activemq-broker</artifactId>
				<version>${activemq.version}</version>
			</dependency>
			<dependency>
				<groupId>org.apache.activemq</groupId>
				<artifactId>activemq-camel</artifactId>
				<version>${activemq.version}</version>
			</dependency>
			<dependency>
				<groupId>org.apache.activemq</groupId>
				<artifactId>activemq-client</artifactId>
				<version>${activemq.version}</version>
			</dependency>
			<dependency>
				<groupId>org.apache.activemq</groupId>
				<artifactId>activemq-console</artifactId>
				<version>${activemq.version}</version>
				<exclusions>
					<exclusion>
						<groupId>commons-logging</groupId>
						<artifactId>commons-logging</artifactId>
					</exclusion>
				</exclusions>
			</dependency>
			<dependency>
				<groupId>org.apache.activemq</groupId>
				<artifactId>activemq-http</artifactId>
				<version>${activemq.version}</version>
			</dependency>
			<dependency>
				<groupId>org.apache.activemq</groupId>
				<artifactId>activemq-jaas</artifactId>
				<version>${activemq.version}</version>
			</dependency>
			<dependency>
				<groupId>org.apache.activemq</groupId>
				<artifactId>activemq-jdbc-store</artifactId>
				<version>${activemq.version}</version>
			</dependency>
			<dependency>
				<groupId>org.apache.activemq</groupId>
				<artifactId>activemq-jms-pool</artifactId>
				<version>${activemq.version}</version>
			</dependency>
			<dependency>
				<groupId>org.apache.activemq</groupId>
				<artifactId>activemq-kahadb-store</artifactId>
				<version>${activemq.version}</version>
			</dependency>
			<dependency>
				<groupId>org.apache.activemq</groupId>
				<artifactId>activemq-karaf</artifactId>
				<version>${activemq.version}</version>
			</dependency>
			<dependency>
				<groupId>org.apache.activemq</groupId>
				<artifactId>activemq-leveldb-store</artifactId>
				<version>${activemq.version}</version>
				<exclusions>
					<exclusion>
						<groupId>commons-logging</groupId>
						<artifactId>commons-logging</artifactId>
					</exclusion>
				</exclusions>
			</dependency>
			<dependency>
				<groupId>org.apache.activemq</groupId>
				<artifactId>activemq-log4j-appender</artifactId>
				<version>${activemq.version}</version>
			</dependency>
			<dependency>
				<groupId>org.apache.activemq</groupId>
				<artifactId>activemq-mqtt</artifactId>
				<version>${activemq.version}</version>
			</dependency>
			<dependency>
				<groupId>org.apache.activemq</groupId>
				<artifactId>activemq-openwire-generator</artifactId>
				<version>${activemq.version}</version>
			</dependency>
			<dependency>
				<groupId>org.apache.activemq</groupId>
				<artifactId>activemq-openwire-legacy</artifactId>
				<version>${activemq.version}</version>
			</dependency>
			<dependency>
				<groupId>org.apache.activemq</groupId>
				<artifactId>activemq-osgi</artifactId>
				<version>${activemq.version}</version>
			</dependency>
			<dependency>
				<groupId>org.apache.activemq</groupId>
				<artifactId>activemq-partition</artifactId>
				<version>${activemq.version}</version>
			</dependency>
			<dependency>
				<groupId>org.apache.activemq</groupId>
				<artifactId>activemq-pool</artifactId>
				<version>${activemq.version}</version>
			</dependency>
			<dependency>
				<groupId>org.apache.activemq</groupId>
				<artifactId>activemq-ra</artifactId>
				<version>${activemq.version}</version>
			</dependency>
			<dependency>
				<groupId>org.apache.activemq</groupId>
				<artifactId>activemq-run</artifactId>
				<version>${activemq.version}</version>
			</dependency>
			<dependency>
				<groupId>org.apache.activemq</groupId>
				<artifactId>activemq-runtime-config</artifactId>
				<version>${activemq.version}</version>
			</dependency>
			<dependency>
				<groupId>org.apache.activemq</groupId>
				<artifactId>activemq-shiro</artifactId>
				<version>${activemq.version}</version>
			</dependency>
			<dependency>
				<groupId>org.apache.activemq</groupId>
				<artifactId>activemq-spring</artifactId>
				<version>${activemq.version}</version>
				<exclusions>
					<exclusion>
						<groupId>commons-logging</groupId>
						<artifactId>commons-logging</artifactId>
					</exclusion>
				</exclusions>
			</dependency>
			<dependency>
				<groupId>org.apache.activemq</groupId>
				<artifactId>activemq-stomp</artifactId>
				<version>${activemq.version}</version>
			</dependency>
			<dependency>
				<groupId>org.apache.activemq</groupId>
				<artifactId>activemq-web</artifactId>
				<version>${activemq.version}</version>
			</dependency>
			<dependency>
				<groupId>org.apache.activemq</groupId>
				<artifactId>artemis-jms-client</artifactId>
				<version>${artemis.version}</version>
			</dependency>
			<dependency>
				<groupId>org.apache.activemq</groupId>
				<artifactId>artemis-jms-server</artifactId>
				<version>${artemis.version}</version>
			</dependency>
			<dependency>
				<groupId>org.apache.commons</groupId>
				<artifactId>commons-dbcp2</artifactId>
				<version>${commons-dbcp2.version}</version>
			</dependency>
			<dependency>
				<groupId>org.apache.commons</groupId>
				<artifactId>commons-pool2</artifactId>
				<version>${commons-pool2.version}</version>
			</dependency>
			<dependency>
				<groupId>org.apache.derby</groupId>
				<artifactId>derby</artifactId>
				<version>${derby.version}</version>
			</dependency>
			<dependency>
				<groupId>org.apache.httpcomponents</groupId>
				<artifactId>httpasyncclient</artifactId>
				<version>${httpasyncclient.version}</version>
				<exclusions>
					<exclusion>
						<groupId>commons-logging</groupId>
						<artifactId>commons-logging</artifactId>
					</exclusion>
				</exclusions>
			</dependency>
			<dependency>
				<groupId>org.apache.httpcomponents</groupId>
				<artifactId>httpclient</artifactId>
				<version>${httpclient.version}</version>
				<exclusions>
					<exclusion>
						<groupId>commons-logging</groupId>
						<artifactId>commons-logging</artifactId>
					</exclusion>
				</exclusions>
			</dependency>
			<dependency>
				<groupId>org.apache.httpcomponents</groupId>
				<artifactId>httpcore</artifactId>
				<version>${httpcore.version}</version>
			</dependency>
			<dependency>
				<groupId>org.apache.httpcomponents</groupId>
				<artifactId>httpmime</artifactId>
				<version>${httpclient.version}</version>
			</dependency>
			<dependency>
				<groupId>org.apache.logging.log4j</groupId>
				<artifactId>log4j-api</artifactId>
				<version>${log4j2.version}</version>
			</dependency>
			<dependency>
				<groupId>org.apache.logging.log4j</groupId>
				<artifactId>log4j-core</artifactId>
				<version>${log4j2.version}</version>
			</dependency>
			<dependency>
				<groupId>org.apache.logging.log4j</groupId>
				<artifactId>log4j-slf4j-impl</artifactId>
				<version>${log4j2.version}</version>
			</dependency>
			<dependency>
				<groupId>org.apache.solr</groupId>
				<artifactId>solr-solrj</artifactId>
				<version>${solr.version}</version>
			</dependency>
			<dependency>
				<groupId>org.apache.tomcat.embed</groupId>
				<artifactId>tomcat-embed-core</artifactId>
				<version>${tomcat.version}</version>
			</dependency>
			<dependency>
				<groupId>org.apache.tomcat.embed</groupId>
				<artifactId>tomcat-embed-el</artifactId>
				<version>${tomcat.version}</version>
			</dependency>
			<dependency>
				<groupId>org.apache.tomcat.embed</groupId>
				<artifactId>tomcat-embed-jasper</artifactId>
				<version>${tomcat.version}</version>
			</dependency>
			<dependency>
				<groupId>org.apache.tomcat.embed</groupId>
				<artifactId>tomcat-embed-logging-juli</artifactId>
				<version>${tomcat.version}</version>
			</dependency>
			<dependency>
				<groupId>org.apache.tomcat.embed</groupId>
				<artifactId>tomcat-embed-websocket</artifactId>
				<version>${tomcat.version}</version>
			</dependency>
			<dependency>
				<groupId>org.apache.tomcat</groupId>
				<artifactId>tomcat-jdbc</artifactId>
				<version>${tomcat.version}</version>
			</dependency>
			<dependency>
				<groupId>org.apache.tomcat</groupId>
				<artifactId>tomcat-jsp-api</artifactId>
				<version>${tomcat.version}</version>
			</dependency>
			<dependency>
				<groupId>org.apache.velocity</groupId>
				<artifactId>velocity</artifactId>
				<version>${velocity.version}</version>
			</dependency>
			<dependency>
				<groupId>org.apache.velocity</groupId>
				<artifactId>velocity-tools</artifactId>
				<version>${velocity-tools.version}</version>
				<exclusions>
					<exclusion>
						<groupId>commons-logging</groupId>
						<artifactId>commons-logging</artifactId>
					</exclusion>
				</exclusions>
			</dependency>
			<dependency>
				<groupId>org.aspectj</groupId>
				<artifactId>aspectjrt</artifactId>
				<version>${aspectj.version}</version>
			</dependency>
			<dependency>
				<groupId>org.aspectj</groupId>
				<artifactId>aspectjtools</artifactId>
				<version>${aspectj.version}</version>
			</dependency>
			<dependency>
				<groupId>org.aspectj</groupId>
				<artifactId>aspectjweaver</artifactId>
				<version>${aspectj.version}</version>
			</dependency>
			<dependency>
				<groupId>org.codehaus.btm</groupId>
				<artifactId>btm</artifactId>
				<version>${bitronix.version}</version>
			</dependency>
			<dependency>
				<groupId>org.codehaus.groovy</groupId>
				<artifactId>groovy</artifactId>
				<version>${groovy.version}</version>
			</dependency>
			<dependency>
				<groupId>org.codehaus.groovy</groupId>
				<artifactId>groovy-all</artifactId>
				<version>${groovy.version}</version>
			</dependency>
			<dependency>
				<groupId>org.codehaus.groovy</groupId>
				<artifactId>groovy-ant</artifactId>
				<version>${groovy.version}</version>
			</dependency>
			<dependency>
				<groupId>org.codehaus.groovy</groupId>
				<artifactId>groovy-bsf</artifactId>
				<version>${groovy.version}</version>
			</dependency>
			<dependency>
				<groupId>org.codehaus.groovy</groupId>
				<artifactId>groovy-console</artifactId>
				<version>${groovy.version}</version>
			</dependency>
			<dependency>
				<groupId>org.codehaus.groovy</groupId>
				<artifactId>groovy-docgenerator</artifactId>
				<version>${groovy.version}</version>
			</dependency>
			<dependency>
				<groupId>org.codehaus.groovy</groupId>
				<artifactId>groovy-groovydoc</artifactId>
				<version>${groovy.version}</version>
			</dependency>
			<dependency>
				<groupId>org.codehaus.groovy</groupId>
				<artifactId>groovy-groovysh</artifactId>
				<version>${groovy.version}</version>
			</dependency>
			<dependency>
				<groupId>org.codehaus.groovy</groupId>
				<artifactId>groovy-jmx</artifactId>
				<version>${groovy.version}</version>
			</dependency>
			<dependency>
				<groupId>org.codehaus.groovy</groupId>
				<artifactId>groovy-json</artifactId>
				<version>${groovy.version}</version>
			</dependency>
			<dependency>
				<groupId>org.codehaus.groovy</groupId>
				<artifactId>groovy-jsr223</artifactId>
				<version>${groovy.version}</version>
			</dependency>
			<dependency>
				<groupId>org.codehaus.groovy</groupId>
				<artifactId>groovy-nio</artifactId>
				<version>${groovy.version}</version>
			</dependency>
			<dependency>
				<groupId>org.codehaus.groovy</groupId>
				<artifactId>groovy-servlet</artifactId>
				<version>${groovy.version}</version>
			</dependency>
			<dependency>
				<groupId>org.codehaus.groovy</groupId>
				<artifactId>groovy-sql</artifactId>
				<version>${groovy.version}</version>
			</dependency>
			<dependency>
				<groupId>org.codehaus.groovy</groupId>
				<artifactId>groovy-swing</artifactId>
				<version>${groovy.version}</version>
			</dependency>
			<dependency>
				<groupId>org.codehaus.groovy</groupId>
				<artifactId>groovy-templates</artifactId>
				<version>${groovy.version}</version>
			</dependency>
			<dependency>
				<groupId>org.codehaus.groovy</groupId>
				<artifactId>groovy-test</artifactId>
				<version>${groovy.version}</version>
			</dependency>
			<dependency>
				<groupId>org.codehaus.groovy</groupId>
				<artifactId>groovy-testng</artifactId>
				<version>${groovy.version}</version>
			</dependency>
			<dependency>
				<groupId>org.codehaus.groovy</groupId>
				<artifactId>groovy-xml</artifactId>
				<version>${groovy.version}</version>
			</dependency>
			<dependency>
				<groupId>org.codehaus.janino</groupId>
				<artifactId>janino</artifactId>
				<version>${janino.version}</version>
			</dependency>
			<dependency>
				<groupId>org.crashub</groupId>
				<artifactId>crash.cli</artifactId>
				<version>${crashub.version}</version>
			</dependency>
			<dependency>
				<groupId>org.crashub</groupId>
				<artifactId>crash.connectors.ssh</artifactId>
				<version>${crashub.version}</version>
				<exclusions>
					<exclusion>
						<groupId>commons-logging</groupId>
						<artifactId>commons-logging</artifactId>
					</exclusion>
				</exclusions>
			</dependency>
			<dependency>
				<groupId>org.crashub</groupId>
				<artifactId>crash.connectors.telnet</artifactId>
				<version>${crashub.version}</version>
			</dependency>
			<dependency>
				<groupId>org.crashub</groupId>
				<artifactId>crash.embed.spring</artifactId>
				<version>${crashub.version}</version>
			</dependency>
			<dependency>
				<groupId>org.crashub</groupId>
				<artifactId>crash.plugins.cron</artifactId>
				<version>${crashub.version}</version>
			</dependency>
			<dependency>
				<groupId>org.crashub</groupId>
				<artifactId>crash.plugins.mail</artifactId>
				<version>${crashub.version}</version>
			</dependency>
			<dependency>
				<groupId>org.crashub</groupId>
				<artifactId>crash.shell</artifactId>
				<version>${crashub.version}</version>
			</dependency>
			<dependency>
				<groupId>org.eclipse.jetty</groupId>
				<artifactId>jetty-annotations</artifactId>
				<version>${jetty.version}</version>
			</dependency>
			<dependency>
				<groupId>org.eclipse.jetty</groupId>
				<artifactId>jetty-continuation</artifactId>
				<version>${jetty.version}</version>
			</dependency>
			<dependency>
				<groupId>org.eclipse.jetty</groupId>
				<artifactId>jetty-deploy</artifactId>
				<version>${jetty.version}</version>
			</dependency>
			<dependency>
				<groupId>org.eclipse.jetty</groupId>
				<artifactId>jetty-http</artifactId>
				<version>${jetty.version}</version>
			</dependency>
			<dependency>
				<groupId>org.eclipse.jetty</groupId>
				<artifactId>jetty-io</artifactId>
				<version>${jetty.version}</version>
			</dependency>
			<dependency>
				<groupId>org.eclipse.jetty</groupId>
				<artifactId>jetty-jsp</artifactId>
				<version>${jetty.version}</version>
				<exclusions>
					<exclusion>
						<groupId>org.eclipse.jetty.orbit</groupId>
						<artifactId>javax.servlet</artifactId>
					</exclusion>
				</exclusions>
			</dependency>
			<dependency>
				<groupId>org.eclipse.jetty</groupId>
				<artifactId>jetty-jmx</artifactId>
				<version>${jetty.version}</version>
			</dependency>
			<dependency>
				<groupId>org.eclipse.jetty</groupId>
				<artifactId>jetty-plus</artifactId>
				<version>${jetty.version}</version>
			</dependency>
			<dependency>
				<groupId>org.eclipse.jetty</groupId>
				<artifactId>jetty-security</artifactId>
				<version>${jetty.version}</version>
			</dependency>
			<dependency>
				<groupId>org.eclipse.jetty</groupId>
				<artifactId>jetty-server</artifactId>
				<version>${jetty.version}</version>
			</dependency>
			<dependency>
				<groupId>org.eclipse.jetty</groupId>
				<artifactId>jetty-servlet</artifactId>
				<version>${jetty.version}</version>
			</dependency>
			<dependency>
				<groupId>org.eclipse.jetty</groupId>
				<artifactId>jetty-servlets</artifactId>
				<version>${jetty.version}</version>
			</dependency>
			<dependency>
				<groupId>org.eclipse.jetty</groupId>
				<artifactId>jetty-util</artifactId>
				<version>${jetty.version}</version>
			</dependency>
			<dependency>
				<groupId>org.eclipse.jetty</groupId>
				<artifactId>jetty-webapp</artifactId>
				<version>${jetty.version}</version>
			</dependency>
			<dependency>
				<groupId>org.eclipse.jetty</groupId>
				<artifactId>jetty-xml</artifactId>
				<version>${jetty.version}</version>
			</dependency>
			<dependency>
				<groupId>org.eclipse.jetty.orbit</groupId>
				<artifactId>javax.servlet.jsp</artifactId>
				<version>${jetty-jsp.version}</version>
			</dependency>
			<dependency>
				<groupId>org.eclipse.jetty.websocket</groupId>
				<artifactId>javax-websocket-server-impl</artifactId>
				<version>${jetty.version}</version>
			</dependency>
			<dependency>
				<groupId>org.eclipse.jetty.websocket</groupId>
				<artifactId>websocket-server</artifactId>
				<version>${jetty.version}</version>
			</dependency>
			<dependency>
				<groupId>org.elasticsearch</groupId>
				<artifactId>elasticsearch</artifactId>
				<version>${elasticsearch.version}</version>
			</dependency>
			<dependency>
				<groupId>org.firebirdsql.jdbc</groupId>
				<artifactId>jaybird-jdk16</artifactId>
				<version>${jaybird.version}</version>
			</dependency>
			<dependency>
				<groupId>org.firebirdsql.jdbc</groupId>
				<artifactId>jaybird-jdk17</artifactId>
				<version>${jaybird.version}</version>
			</dependency>
			<dependency>
				<groupId>org.firebirdsql.jdbc</groupId>
				<artifactId>jaybird-jdk18</artifactId>
				<version>${jaybird.version}</version>
			</dependency>
			<dependency>
				<groupId>org.flywaydb</groupId>
				<artifactId>flyway-core</artifactId>
				<version>${flyway.version}</version>
			</dependency>
			<dependency>
				<groupId>org.freemarker</groupId>
				<artifactId>freemarker</artifactId>
				<version>${freemarker.version}</version>
			</dependency>
			<dependency>
				<groupId>org.glassfish</groupId>
				<artifactId>javax.el</artifactId>
				<version>${glassfish-el.version}</version>
			</dependency>
			<dependency>
				<groupId>org.glassfish.jersey.containers</groupId>
				<artifactId>jersey-container-servlet</artifactId>
				<version>${jersey.version}</version>
			</dependency>
			<dependency>
				<groupId>org.glassfish.jersey.containers</groupId>
				<artifactId>jersey-container-servlet-core</artifactId>
				<version>${jersey.version}</version>
			</dependency>
			<dependency>
				<groupId>org.glassfish.jersey.core</groupId>
				<artifactId>jersey-server</artifactId>
				<version>${jersey.version}</version>
			</dependency>
			<dependency>
				<groupId>org.glassfish.jersey.ext</groupId>
				<artifactId>jersey-bean-validation</artifactId>
				<version>${jersey.version}</version>
			</dependency>
			<dependency>
				<groupId>org.glassfish.jersey.ext</groupId>
				<artifactId>jersey-spring3</artifactId>
				<version>${jersey.version}</version>
				<exclusions>
					<exclusion>
						<groupId>org.glassfish.hk2.external</groupId>
						<artifactId>bean-validator</artifactId>
					</exclusion>
				</exclusions>
			</dependency>
			<dependency>
				<groupId>org.glassfish.jersey.media</groupId>
				<artifactId>jersey-media-json-jackson</artifactId>
				<version>${jersey.version}</version>
			</dependency>
			<dependency>
				<groupId>org.hamcrest</groupId>
				<artifactId>hamcrest-core</artifactId>
				<version>${hamcrest.version}</version>
			</dependency>
			<dependency>
				<groupId>org.hamcrest</groupId>
				<artifactId>hamcrest-library</artifactId>
				<version>${hamcrest.version}</version>
			</dependency>
			<dependency>
				<groupId>org.hibernate</groupId>
				<artifactId>hibernate-core</artifactId>
				<version>${hibernate.version}</version>
			</dependency>
			<dependency>
				<groupId>org.hibernate</groupId>
				<artifactId>hibernate-ehcache</artifactId>
				<version>${hibernate.version}</version>
			</dependency>
			<dependency>
				<groupId>org.hibernate</groupId>
				<artifactId>hibernate-entitymanager</artifactId>
				<version>${hibernate.version}</version>
			</dependency>
			<dependency>
				<groupId>org.hibernate</groupId>
				<artifactId>hibernate-envers</artifactId>
				<version>${hibernate.version}</version>
			</dependency>
			<dependency>
				<groupId>org.hibernate</groupId>
				<artifactId>hibernate-jpamodelgen</artifactId>
				<version>${hibernate.version}</version>
			</dependency>
			<dependency>
				<groupId>org.hibernate</groupId>
				<artifactId>hibernate-validator</artifactId>
				<version>${hibernate-validator.version}</version>
			</dependency>
			<dependency>
				<groupId>org.hibernate</groupId>
				<artifactId>hibernate-validator-annotation-processor</artifactId>
				<version>${hibernate-validator.version}</version>
			</dependency>
			<dependency>
				<groupId>org.hornetq</groupId>
				<artifactId>hornetq-jms-client</artifactId>
				<version>${hornetq.version}</version>
			</dependency>
			<dependency>
				<groupId>org.hornetq</groupId>
				<artifactId>hornetq-jms-server</artifactId>
				<version>${hornetq.version}</version>
				<exclusions>
					<exclusion>
						<groupId>org.jboss.spec.javax.transaction</groupId>
						<artifactId>jboss-transaction-api_1.1_spec</artifactId>
					</exclusion>
				</exclusions>
			</dependency>
			<dependency>
				<groupId>org.hsqldb</groupId>
				<artifactId>hsqldb</artifactId>
				<version>${hsqldb.version}</version>
			</dependency>
			<dependency>
				<groupId>org.infinispan</groupId>
				<artifactId>infinispan-jcache</artifactId>
				<version>${infinispan.version}</version>
			</dependency>
			<dependency>
				<groupId>org.infinispan</groupId>
				<artifactId>infinispan-spring4</artifactId>
				<version>${infinispan.version}</version>
				<exclusions>
					<exclusion>
						<groupId>commons-logging</groupId>
						<artifactId>commons-logging</artifactId>
					</exclusion>
				</exclusions>
			</dependency>
			<dependency>
				<groupId>org.javassist</groupId>
				<artifactId>javassist</artifactId>
				<version>${javassist.version}</version>
			</dependency>
			<dependency>
				<groupId>org.jboss.logging</groupId>
				<artifactId>jboss-logging</artifactId>
				<version>${jboss-logging.version}</version>
			</dependency>
			<dependency>
				<groupId>org.jdom</groupId>
				<artifactId>jdom2</artifactId>
				<version>${jdom2.version}</version>
			</dependency>
			<dependency>
				<groupId>org.jolokia</groupId>
				<artifactId>jolokia-core</artifactId>
				<version>${jolokia.version}</version>
			</dependency>
			<dependency>
				<groupId>org.json</groupId>
				<artifactId>json</artifactId>
				<version>${json.version}</version>
			</dependency>
			<dependency>
				<groupId>org.jooq</groupId>
				<artifactId>jooq</artifactId>
				<version>${jooq.version}</version>
			</dependency>
			<dependency>
				<groupId>org.jooq</groupId>
				<artifactId>jooq-meta</artifactId>
				<version>${jooq.version}</version>
			</dependency>
			<dependency>
				<groupId>org.jooq</groupId>
				<artifactId>jooq-codegen</artifactId>
				<version>${jooq.version}</version>
			</dependency>
			<dependency>
				<groupId>org.liquibase</groupId>
				<artifactId>liquibase-core</artifactId>
				<version>${liquibase.version}</version>
			</dependency>
			<dependency>
				<groupId>org.mariadb.jdbc</groupId>
				<artifactId>mariadb-java-client</artifactId>
				<version>${mariadb.version}</version>
			</dependency>
			<dependency>
				<groupId>org.mockito</groupId>
				<artifactId>mockito-core</artifactId>
				<version>${mockito.version}</version>
			</dependency>
			<dependency>
				<groupId>org.mongodb</groupId>
				<artifactId>mongo-java-driver</artifactId>
				<version>${mongodb.version}</version>
			</dependency>
			<dependency>
				<groupId>org.postgresql</groupId>
				<artifactId>postgresql</artifactId>
				<version>${postgresql.version}</version>
			</dependency>
			<dependency>
				<groupId>org.skyscreamer</groupId>
				<artifactId>jsonassert</artifactId>
				<version>${jsonassert.version}</version>
			</dependency>
			<dependency>
				<groupId>org.slf4j</groupId>
				<artifactId>jcl-over-slf4j</artifactId>
				<version>${slf4j.version}</version>
			</dependency>
			<dependency>
				<groupId>org.slf4j</groupId>
				<artifactId>jul-to-slf4j</artifactId>
				<version>${slf4j.version}</version>
			</dependency>
			<dependency>
				<groupId>org.slf4j</groupId>
				<artifactId>log4j-over-slf4j</artifactId>
				<version>${slf4j.version}</version>
			</dependency>
			<dependency>
				<groupId>org.slf4j</groupId>
				<artifactId>slf4j-api</artifactId>
				<version>${slf4j.version}</version>
			</dependency>
			<dependency>
				<groupId>org.slf4j</groupId>
				<artifactId>slf4j-jdk14</artifactId>
				<version>${slf4j.version}</version>
			</dependency>
			<dependency>
				<groupId>org.slf4j</groupId>
				<artifactId>slf4j-log4j12</artifactId>
				<version>${slf4j.version}</version>
			</dependency>
			<dependency>
				<groupId>org.slf4j</groupId>
				<artifactId>slf4j-simple</artifactId>
				<version>${slf4j.version}</version>
			</dependency>
			<dependency>
				<groupId>org.spockframework</groupId>
				<artifactId>spock-core</artifactId>
				<version>${spock.version}</version>
				<exclusions>
					<exclusion>
						<groupId>org.codehaus.groovy</groupId>
						<artifactId>groovy-all</artifactId>
					</exclusion>
				</exclusions>
			</dependency>
			<dependency>
				<groupId>org.spockframework</groupId>
				<artifactId>spock-spring</artifactId>
				<version>${spock.version}</version>
			</dependency>
			<dependency>
				<groupId>org.springframework</groupId>
				<artifactId>spring-core</artifactId>
				<version>${spring.version}</version>
			</dependency>
			<dependency>
				<groupId>org.springframework</groupId>
				<artifactId>spring-framework-bom</artifactId>
				<version>${spring.version}</version>
				<scope>import</scope>
				<type>pom</type>
			</dependency>
			<dependency>
				<groupId>org.springframework</groupId>
				<artifactId>springloaded</artifactId>
				<version>${spring-loaded.version}</version>
			</dependency>
			<dependency>
				<groupId>org.springframework.amqp</groupId>
				<artifactId>spring-amqp</artifactId>
				<version>${spring-amqp.version}</version>
			</dependency>
			<dependency>
				<groupId>org.springframework.amqp</groupId>
				<artifactId>spring-rabbit</artifactId>
				<version>${spring-amqp.version}</version>
			</dependency>
			<dependency>
				<groupId>org.springframework.batch</groupId>
				<artifactId>spring-batch-core</artifactId>
				<version>${spring-batch.version}</version>
			</dependency>
			<dependency>
				<groupId>org.springframework.batch</groupId>
				<artifactId>spring-batch-infrastructure</artifactId>
				<version>${spring-batch.version}</version>
			</dependency>
			<dependency>
				<groupId>org.springframework.batch</groupId>
				<artifactId>spring-batch-integration</artifactId>
				<version>${spring-batch.version}</version>
			</dependency>
			<dependency>
				<groupId>org.springframework.batch</groupId>
				<artifactId>spring-batch-test</artifactId>
				<version>${spring-batch.version}</version>
			</dependency>
			<dependency>
				<groupId>org.springframework.cloud</groupId>
				<artifactId>spring-cloud-cloudfoundry-connector</artifactId>
				<version>${spring-cloud-connectors.version}</version>
			</dependency>
			<dependency>
				<groupId>org.springframework.cloud</groupId>
				<artifactId>spring-cloud-core</artifactId>
				<version>${spring-cloud-connectors.version}</version>
			</dependency>
			<dependency>
				<groupId>org.springframework.cloud</groupId>
				<artifactId>spring-cloud-heroku-connector</artifactId>
				<version>${spring-cloud-connectors.version}</version>
			</dependency>
			<dependency>
				<groupId>org.springframework.cloud</groupId>
				<artifactId>spring-cloud-localconfig-connector</artifactId>
				<version>${spring-cloud-connectors.version}</version>
			</dependency>
			<dependency>
				<groupId>org.springframework.cloud</groupId>
				<artifactId>spring-cloud-spring-service-connector</artifactId>
				<version>${spring-cloud-connectors.version}</version>
				<exclusions>
					<exclusion>
						<artifactId>log4j</artifactId>
						<groupId>log4j</groupId>
					</exclusion>
				</exclusions>
			</dependency>
			<dependency>
				<groupId>org.springframework.data</groupId>
				<artifactId>spring-data-releasetrain</artifactId>
				<version>${spring-data-releasetrain.version}</version>
				<scope>import</scope>
				<type>pom</type>
			</dependency>
			<dependency>
				<groupId>org.springframework.hateoas</groupId>
				<artifactId>spring-hateoas</artifactId>
				<version>${spring-hateoas.version}</version>
			</dependency>
			<dependency>
				<groupId>org.springframework.integration</groupId>
				<artifactId>spring-integration-bom</artifactId>
				<version>${spring-integration.version}</version>
				<scope>import</scope>
				<type>pom</type>
			</dependency>
			<dependency>
				<groupId>org.springframework.integration</groupId>
				<artifactId>spring-integration-http</artifactId>
				<version>${spring-integration.version}</version>
				<exclusions>
					<exclusion>
						<groupId>commons-logging</groupId>
						<artifactId>commons-logging</artifactId>
					</exclusion>
					<exclusion>
						<groupId>commons-logging</groupId>
						<artifactId>commons-logging-api</artifactId>
					</exclusion>
				</exclusions>
			</dependency>
			<dependency>
				<groupId>org.springframework.mobile</groupId>
				<artifactId>spring-mobile-device</artifactId>
				<version>${spring-mobile.version}</version>
			</dependency>
			<dependency>
				<groupId>org.springframework.plugin</groupId>
				<artifactId>spring-plugin-core</artifactId>
				<version>${spring-plugin.version}</version>
			</dependency>
			<dependency>
				<groupId>org.springframework.restdocs</groupId>
				<artifactId>spring-restdocs-core</artifactId>
				<version>${spring-restdocs.version}</version>
			</dependency>
			<dependency>
				<groupId>org.springframework.restdocs</groupId>
				<artifactId>spring-restdocs-mockmvc</artifactId>
				<version>${spring-restdocs.version}</version>
			</dependency>
			<dependency>
				<groupId>org.springframework.retry</groupId>
				<artifactId>spring-retry</artifactId>
				<version>${spring-retry.version}</version>
			</dependency>
			<dependency>
				<groupId>org.springframework.security</groupId>
				<artifactId>spring-security-bom</artifactId>
				<version>${spring-security.version}</version>
				<scope>import</scope>
				<type>pom</type>
			</dependency>
			<dependency>
				<groupId>org.springframework.security</groupId>
				<artifactId>spring-security-jwt</artifactId>
				<version>${spring-security-jwt.version}</version>
			</dependency>
			<dependency>
				<groupId>org.springframework.security.oauth</groupId>
				<artifactId>spring-security-oauth</artifactId>
				<version>${spring-security-oauth.version}</version>
			</dependency>
			<dependency>
				<groupId>org.springframework.security.oauth</groupId>
				<artifactId>spring-security-oauth2</artifactId>
				<version>${spring-security-oauth.version}</version>
			</dependency>
			<dependency>
				<groupId>org.springframework.session</groupId>
				<artifactId>spring-session</artifactId>
				<version>${spring-session.version}</version>
			</dependency>
			<dependency>
				<groupId>org.springframework.session</groupId>
				<artifactId>spring-session-data-redis</artifactId>
				<version>${spring-session.version}</version>
			</dependency>
			<dependency>
				<groupId>org.springframework.social</groupId>
				<artifactId>spring-social-config</artifactId>
				<version>${spring-social.version}</version>
			</dependency>
			<dependency>
				<groupId>org.springframework.social</groupId>
				<artifactId>spring-social-core</artifactId>
				<version>${spring-social.version}</version>
			</dependency>
			<dependency>
				<groupId>org.springframework.social</groupId>
				<artifactId>spring-social-security</artifactId>
				<version>${spring-social.version}</version>
			</dependency>
			<dependency>
				<groupId>org.springframework.social</groupId>
				<artifactId>spring-social-web</artifactId>
				<version>${spring-social.version}</version>
			</dependency>
			<dependency>
				<groupId>org.springframework.social</groupId>
				<artifactId>spring-social-facebook</artifactId>
				<version>${spring-social-facebook.version}</version>
			</dependency>
			<dependency>
				<groupId>org.springframework.social</groupId>
				<artifactId>spring-social-facebook-web</artifactId>
				<version>${spring-social-facebook.version}</version>
			</dependency>
			<dependency>
				<groupId>org.springframework.social</groupId>
				<artifactId>spring-social-linkedin</artifactId>
				<version>${spring-social-linkedin.version}</version>
			</dependency>
			<dependency>
				<groupId>org.springframework.social</groupId>
				<artifactId>spring-social-twitter</artifactId>
				<version>${spring-social-twitter.version}</version>
			</dependency>
			<dependency>
				<groupId>org.springframework.ws</groupId>
				<artifactId>spring-ws-core</artifactId>
				<version>${spring-ws.version}</version>
				<exclusions>
					<exclusion>
						<groupId>commons-logging</groupId>
						<artifactId>commons-logging</artifactId>
					</exclusion>
				</exclusions>
			</dependency>
			<dependency>
				<groupId>org.springframework.ws</groupId>
				<artifactId>spring-ws-security</artifactId>
				<version>${spring-ws.version}</version>
				<exclusions>
					<exclusion>
						<groupId>commons-logging</groupId>
						<artifactId>commons-logging</artifactId>
					</exclusion>
				</exclusions>
			</dependency>
			<dependency>
				<groupId>org.springframework.ws</groupId>
				<artifactId>spring-ws-support</artifactId>
				<version>${spring-ws.version}</version>
				<exclusions>
					<exclusion>
						<groupId>commons-logging</groupId>
						<artifactId>commons-logging</artifactId>
					</exclusion>
				</exclusions>
			</dependency>
			<dependency>
				<groupId>org.springframework.ws</groupId>
				<artifactId>spring-ws-test</artifactId>
				<version>${spring-ws.version}</version>
				<exclusions>
					<exclusion>
						<groupId>commons-logging</groupId>
						<artifactId>commons-logging</artifactId>
					</exclusion>
				</exclusions>
			</dependency>
			<dependency>
				<groupId>org.thymeleaf</groupId>
				<artifactId>thymeleaf</artifactId>
				<version>${thymeleaf.version}</version>
			</dependency>
			<dependency>
				<groupId>org.thymeleaf</groupId>
				<artifactId>thymeleaf-spring4</artifactId>
				<version>${thymeleaf.version}</version>
			</dependency>
			<dependency>
				<groupId>org.thymeleaf.extras</groupId>
				<artifactId>thymeleaf-extras-conditionalcomments</artifactId>
				<version>${thymeleaf-extras-conditionalcomments.version}</version>
			</dependency>
			<dependency>
				<groupId>org.thymeleaf.extras</groupId>
				<artifactId>thymeleaf-extras-springsecurity4</artifactId>
				<version>${thymeleaf-extras-springsecurity4.version}</version>
			</dependency>
			<dependency>
				<groupId>org.webjars</groupId>
				<artifactId>hal-browser</artifactId>
				<version>${webjars-hal-browser.version}</version>
			</dependency>
			<dependency>
				<groupId>org.webjars</groupId>
				<artifactId>webjars-locator</artifactId>
				<version>${webjars-locator.version}</version>
			</dependency>
			<dependency>
				<groupId>org.yaml</groupId>
				<artifactId>snakeyaml</artifactId>
				<version>${snakeyaml.version}</version>
			</dependency>
			<dependency>
				<groupId>redis.clients</groupId>
				<artifactId>jedis</artifactId>
				<version>${jedis.version}</version>
			</dependency>
			<dependency>
				<groupId>wsdl4j</groupId>
				<artifactId>wsdl4j</artifactId>
				<version>${wsdl4j.version}</version>
			</dependency>
		</dependencies>
	</dependencyManagement>
	<build>
		<pluginManagement>
			<plugins>
				<plugin>
					<groupId>org.jooq</groupId>
					<artifactId>jooq-codegen-maven</artifactId>
					<version>${jooq.version}</version>
				</plugin>
				<plugin>
					<groupId>org.springframework.boot</groupId>
					<artifactId>spring-boot-maven-plugin</artifactId>
					<version>${spring-boot.version}</version>
				</plugin>
				<plugin>
					<groupId>org.apache.maven.plugins</groupId>
					<artifactId>maven-antrun-plugin</artifactId>
					<version>1.7</version>
				</plugin>
				<plugin>
					<groupId>org.apache.maven.plugins</groupId>
					<artifactId>maven-assembly-plugin</artifactId>
					<version>2.5.1</version>
					<configuration>
						<recompressZippedFiles>false</recompressZippedFiles>
					</configuration>
				</plugin>
				<plugin>
					<groupId>org.apache.maven.plugins</groupId>
					<artifactId>maven-clean-plugin</artifactId>
					<version>2.5</version>
				</plugin>
				<plugin>
					<groupId>org.apache.maven.plugins</groupId>
					<artifactId>maven-compiler-plugin</artifactId>
					<version>3.1</version>
				</plugin>
				<plugin>
					<groupId>org.apache.maven.plugins</groupId>
					<artifactId>maven-deploy-plugin</artifactId>
					<version>2.8.2</version>
				</plugin>
				<plugin>
					<groupId>org.apache.maven.plugins</groupId>
					<artifactId>maven-dependency-plugin</artifactId>
					<version>2.10</version>
				</plugin>
				<plugin>
					<groupId>org.apache.maven.plugins</groupId>
					<artifactId>maven-eclipse-plugin</artifactId>
					<version>2.9</version>
				</plugin>
				<plugin>
					<groupId>org.apache.maven.plugins</groupId>
					<artifactId>maven-failsafe-plugin</artifactId>
					<version>2.18</version>
				</plugin>
				<plugin>
					<groupId>org.apache.maven.plugins</groupId>
					<artifactId>maven-install-plugin</artifactId>
					<version>2.5.2</version>
				</plugin>
				<plugin>
					<groupId>org.apache.maven.plugins</groupId>
					<artifactId>maven-help-plugin</artifactId>
					<version>2.2</version>
				</plugin>
				<plugin>
					<groupId>org.apache.maven.plugins</groupId>
					<artifactId>maven-jar-plugin</artifactId>
					<version>2.5</version>
				</plugin>
				<plugin>
					<groupId>org.apache.maven.plugins</groupId>
					<artifactId>maven-javadoc-plugin</artifactId>
					<version>2.10.1</version>
				</plugin>
				<plugin>
					<groupId>org.apache.maven.plugins</groupId>
					<artifactId>maven-resources-plugin</artifactId>
					<version>2.7</version>
				</plugin>
				<plugin>
					<groupId>org.apache.maven.plugins</groupId>
					<artifactId>maven-shade-plugin</artifactId>
					<version>2.3</version>
				</plugin>
				<plugin>
					<groupId>org.apache.maven.plugins</groupId>
					<artifactId>maven-site-plugin</artifactId>
					<version>3.4</version>
				</plugin>
				<plugin>
					<groupId>org.apache.maven.plugins</groupId>
					<artifactId>maven-source-plugin</artifactId>
					<version>2.4</version>
				</plugin>
				<plugin>
					<groupId>org.apache.maven.plugins</groupId>
					<artifactId>maven-surefire-plugin</artifactId>
					<version>2.18.1</version>
				</plugin>
				<plugin>
					<groupId>org.apache.maven.plugins</groupId>
					<artifactId>maven-war-plugin</artifactId>
					<version>2.5</version>
				</plugin>
				<plugin>
					<groupId>org.codehaus.mojo</groupId>
					<artifactId>build-helper-maven-plugin</artifactId>
					<version>1.9.1</version>
				</plugin>
				<plugin>
					<groupId>org.codehaus.mojo</groupId>
					<artifactId>exec-maven-plugin</artifactId>
					<version>1.3.2</version>
				</plugin>
				<plugin>
					<groupId>org.codehaus.mojo</groupId>
					<artifactId>versions-maven-plugin</artifactId>
					<version>2.2</version>
				</plugin>
				<plugin>
					<groupId>pl.project13.maven</groupId>
					<artifactId>git-commit-id-plugin</artifactId>
					<version>2.1.11</version>
				</plugin>
			</plugins>
		</pluginManagement>
		<plugins>
			<plugin>
				<artifactId>maven-help-plugin</artifactId>
				<inherited>false</inherited>
				<executions>
					<execution>
						<id>generate-effective-dependencies-pom</id>
						<phase>generate-resources</phase>
						<goals>
							<goal>effective-pom</goal>
						</goals>
						<configuration>
							<output>${project.build.directory}/effective-pom/spring-boot-dependencies.xml</output>
						</configuration>
					</execution>
				</executions>
			</plugin>
			<plugin>
				<groupId>org.codehaus.mojo</groupId>
				<artifactId>xml-maven-plugin</artifactId>
				<version>1.0</version>
				<inherited>false</inherited>
				<executions>
					<execution>
						<goals>
							<goal>transform</goal>
						</goals>
					</execution>
				</executions>
				<configuration>
					<transformationSets>
						<transformationSet>
							<dir>${project.build.directory}/effective-pom</dir>
							<stylesheet>src/main/xslt/single-project.xsl</stylesheet>
							<outputDir>${project.build.directory}/effective-pom</outputDir>
						</transformationSet>
					</transformationSets>
				</configuration>
			</plugin>
			<plugin>
				<groupId>org.codehaus.mojo</groupId>
				<artifactId>build-helper-maven-plugin</artifactId>
				<inherited>false</inherited>
				<executions>
					<execution>
						<id>attach-artifacts</id>
						<phase>package</phase>
						<goals>
							<goal>attach-artifact</goal>
						</goals>
						<configuration>
							<artifacts>
								<artifact>
									<file>${project.build.directory}/effective-pom/spring-boot-dependencies.xml</file>
									<type>effective-pom</type>
								</artifact>
							</artifacts>
						</configuration>
					</execution>
				</executions>
			</plugin>
		</plugins>
	</build>
	<profiles>
		<profile>
			<id>default</id>
			<activation>
				<activeByDefault>true</activeByDefault>
			</activation>
			<repositories>
				<!-- Repositories to allow snapshot and milestone BOM imports during
					development. This section is stripped out when a full release is prepared. -->
				<repository>
					<id>spring-milestones</id>
					<name>Spring Milestones</name>
					<url>http://repo.spring.io/milestone</url>
					<snapshots>
						<enabled>false</enabled>
					</snapshots>
				</repository>
				<repository>
					<id>spring-snapshots</id>
					<name>Spring Snapshots</name>
					<url>http://repo.spring.io/snapshot</url>
					<snapshots>
						<enabled>true</enabled>
					</snapshots>
				</repository>
			</repositories>
		</profile>
		<profile>
			<id>integration-test</id>
		</profile>
	</profiles>
</project>