<beans xmlns="http://www.springframework.org/schema/beans"
	xmlns:xsi="http://www.w3.org/2001/XMLSchema-instance"
	xmlns:hz="http://www.hazelcast.com/schema/spring"
	xsi:schemaLocation="http://www.springframework.org/schema/beans http://www.springframework.org/schema/beans/spring-beans.xsd
		http://www.hazelcast.com/schema/spring http://www.hazelcast.com/schema/spring/hazelcast-spring.xsd">
	
	
	<beans profile="DC">
		<!-- ========================= -->
		<!-- hazelcast client creation -->
		<!-- ========================= -->
		
		<hz:client id="hzClientInstance">
	        <hz:group name="${hazelcast.group.name}" password="${hazelcast.group.password}"/>
			<hz:properties>
				<hz:property name="hazelcast.logging.type">${hazelcast.logging.type}</hz:property>
				<hz:property name="hazelcast.jmx">${hazelcast.jmx}</hz:property>
			</hz:properties>
	        <hz:network connection-attempt-limit="${cache.hazelcast.connectionAttemptLimit}" connection-attempt-period="${cache.hazelcast.connectionAttemptPeriodInMillisec}">
	            <hz:member>${hazelcast.tcp.ip.members}</hz:member>
	        </hz:network>
	        <!-- 
	        <hz:serialization>
				<hz:serializers>
					<hz:serializer type-class="sgcib.clips.domain.Subscription" implementation="subscriptionKryoSerializer"/>
				</hz:serializers>
			</hz:serialization>
			 -->
	    </hz:client>
	</beans>
	
<!-- 	<beans profile="localCache"> -->
<!-- 	</beans> -->

</beans>