<?xml version="1.0" encoding="UTF-8"?>
<beans xmlns="http://www.springframework.org/schema/beans"
	xmlns:xsi="http://www.w3.org/2001/XMLSchema-instance" xmlns:context="http://www.springframework.org/schema/context"
	xmlns:aop="http://www.springframework.org/schema/aop" xmlns:p="http://www.springframework.org/schema/p"
	xmlns:tx="http://www.springframework.org/schema/tx"
	xsi:schemaLocation="http://www.springframework.org/schema/aop http://www.springframework.org/schema/aop/spring-aop.xsd
		http://www.springframework.org/schema/beans http://www.springframework.org/schema/beans/spring-beans.xsd
		http://www.springframework.org/schema/tx http://www.springframework.org/schema/tx/spring-tx.xsd
		http://www.springframework.org/schema/context http://www.springframework.org/schema/context/spring-context.xsd">

	<aop:aspectj-autoproxy />

	<bean id="loggingAspect" class="com.pkp.et.core.aop.logging.LoggingAspect" />

	<bean id="jsonMapper" class="com.fasterxml.jackson.databind.ObjectMapper" />

	<bean id="mappingJacksonHttpMessageConverter"
		class="org.springframework.http.converter.json.MappingJackson2HttpMessageConverter">
		<property name="objectMapper" ref="jsonMapper" />
		<property name="supportedMediaTypes">
			<list>
				<value>application/json</value>
				<value>text/html</value>
			</list>
		</property>
	</bean>
	<bean id="restTemplate" class="org.springframework.web.client.RestTemplate">
		<property name="messageConverters">
			<list>
				<ref bean="mappingJacksonHttpMessageConverter" />
			</list>
		</property>
	</bean>

	<bean id="environmentVariablesConfiguration"
		class="org.jasypt.encryption.pbe.config.EnvironmentStringPBEConfig">
		<property name="algorithm" value="PBEWithMD5AndDES" />
		<property name="passwordEnvName" value="APP_ENCRYPTION_KEY" />
	</bean>

	<!-- -->
	<!-- The will be the encryptor used for decrypting configuration values. -->
	<!-- -->
	<bean id="configurationEncryptor" class="org.jasypt.encryption.pbe.StandardPBEStringEncryptor">
		<property name="config" ref="environmentVariablesConfiguration" />
	</bean>

	<bean id="timeProvider" class="com.pkp.et.common.util.SystemTimeProvider" />
</beans>
