<?xml version="1.0" encoding="UTF-8"?>
<beans xmlns="http://www.springframework.org/schema/beans"
	xmlns:xsi="http://www.w3.org/2001/XMLSchema-instance" xmlns:mongo="http://www.springframework.org/schema/data/mongo"
	xmlns:context="http://www.springframework.org/schema/context"
	xsi:schemaLocation="http://www.springframework.org/schema/data/mongo http://www.springframework.org/schema/data/mongo/spring-mongo.xsd
		http://www.springframework.org/schema/beans http://www.springframework.org/schema/beans/spring-beans.xsd
		http://www.springframework.org/schema/context http://www.springframework.org/schema/context/spring-context.xsd">
		
	<mongo:db-factory dbname="etDB" mongo-ref="mongo"
		id="mongoDbFactory" />

	<mongo:mapping-converter base-package="com.pkp.et.domain"
		id="mongoConverter">
		<!-- <mongo:custom-converters base-package="com.pkp.et.mongo.converters"/> -->
		<mongo:custom-converters>
			<mongo:converter>
				<bean class="com.pkp.et.core.mongo.converters.DateToSqlDateReadConverter" />
			</mongo:converter>
		</mongo:custom-converters>
	</mongo:mapping-converter>

	<bean id="mongoTemplate" class="org.springframework.data.mongodb.core.MongoTemplate">
		<constructor-arg name="mongoDbFactory" ref="mongoDbFactory" />
		<constructor-arg name="mongoConverter" ref="mongoConverter" />
	</bean>

	<mongo:repositories base-package="com.pkp.et.core.mongo.repository"
		mongo-template-ref="mongoTemplate" />
		
	<beans profile="DEV,PROD">
		<mongo:mongo host="localhost" port="27017" id="mongo">
			<mongo:options connections-per-host="4"
				connect-timeout="1000" max-wait-time="1500" auto-connect-retry="true"
				socket-keep-alive="true" socket-timeout="1500" write-fsync="true" />
		</mongo:mongo>
	</beans>
	<beans profile="TEST,LOCAL">
		<bean id="mongo"
			class="com.pkp.et.core.mongo.config.MongoTestInstanceConfiguration"
			factory-method="mongo" />
	</beans>

</beans>
