<?xml version="1.0" encoding="UTF-8"?>
<beans xmlns="http://www.springframework.org/schema/beans"
	xmlns:xsi="http://www.w3.org/2001/XMLSchema-instance"
	xmlns:context="http://www.springframework.org/schema/context"
	xsi:schemaLocation="http://www.springframework.org/schema/beans http://www.springframework.org/schema/beans/spring-beans.xsd
		http://www.springframework.org/schema/context http://www.springframework.org/schema/context/spring-context.xsd">

	<bean id="etCoreResources" class="com.pkp.et.common.util.ETMultiResources">
		<property name="locations">
			<list>
				<value>classpath*:/et-core.properties</value>
				<value>classpath*:/et-core-local.properties</value>
				<value>classpath*:/et-core-test.properties</value>
			</list>
		</property>
	</bean>
	
</beans>
