<?xml version="1.0" encoding="UTF-8"?>
<beans xmlns="http://www.springframework.org/schema/beans"
	xmlns:xsi="http://www.w3.org/2001/XMLSchema-instance"
	xmlns:context="http://www.springframework.org/schema/context"
	xmlns:aop="http://www.springframework.org/schema/aop"
	xmlns:p="http://www.springframework.org/schema/p"
	xmlns:tx="http://www.springframework.org/schema/tx"
	xmlns:jpa="http://www.springframework.org/schema/data/jpa"
	xsi:schemaLocation="http://www.springframework.org/schema/aop http://www.springframework.org/schema/aop/spring-aop.xsd
		http://www.springframework.org/schema/beans http://www.springframework.org/schema/beans/spring-beans.xsd
		http://www.springframework.org/schema/data/jpa http://www.springframework.org/schema/data/jpa/spring-jpa-1.8.xsd
		http://www.springframework.org/schema/tx http://www.springframework.org/schema/tx/spring-tx.xsd
		http://www.springframework.org/schema/context http://www.springframework.org/schema/context/spring-context.xsd">

	<bean id="dataSource" class="org.apache.commons.dbcp.BasicDataSource">
		<property name="url" value="${jdbc.url}" />
		<property name="username" value="${jdbc.username}" />
		<property name="password" value="${jdbc.password}" />
		<property name="driverClassName" value="${jdbc.driver}" />
	</bean>

	<bean id="entityManagerFactory"
		class="org.springframework.orm.jpa.LocalContainerEntityManagerFactoryBean">
		<property name="dataSource" ref="dataSource" />
		<property name="jpaVendorAdapter">
			<bean class="org.springframework.orm.jpa.vendor.HibernateJpaVendorAdapter">
				<property name="database" value="${jpa.database.type}" />
				<property name="generateDdl" value="false" />
				<property name="showSql" value="true" />
			</bean>
		</property>
		<property name="persistenceXmlLocation" value="classpath:META-INF/persistence.xml" />
		<property name="persistenceUnitName" value="ExpenseTracker" />
		<property name="jpaProperties">
			<props>
				<prop key="hibernate.dialect">${hibernate.dialect}</prop>
				<prop key="hibernate.show_sql">${hibernate.show_sql}</prop>
				<prop key="hibernate.format_sql">${hibernate.format_sql}</prop>
				<prop key="hibernate.hbm2ddl.auto">${hibernate.hbm2ddl.auto}</prop>
				<prop key="hibernate.jdbc.batch_size">${hibernate.jdbc.batch_size}</prop>
				<prop key="hibernate.jdbc.order_inserts">true</prop>
				<prop key="hibernate.jdbc.order_updates">true</prop>
				<prop key="hibernate.cache.use_second_level_cache">${hibernate.cache.use_second_level_cache}</prop>
				<!-- <prop key="hibernate.cache.use_query_cache">${hibernate.query.cache}</prop> -->
				<!-- <prop key="hibernate.cache.provider_class">org.hibernate.cache.EhCacheProvider</prop> -->
				<!-- <prop key="hibernate.cache.region.factory_class">org.hibernate.cache.ehcache.EhCacheRegionFactory -->
				<!-- <prop key="hibernate.generate_statistics">${hibernate.statistics}</prop> -->
			</props>
		</property>
	</bean>

	<bean id="transactionManager" class="org.springframework.orm.jpa.JpaTransactionManager"
		p:entityManagerFactory-ref="entityManagerFactory" />

	<tx:annotation-driven transaction-manager="transactionManager" />

	<!-- @PersistenceUnit annotation -->
	<bean class="org.springframework.orm.jpa.support.PersistenceAnnotationBeanPostProcessor" />
	
	<jpa:repositories  base-package="com.pkp.et.core.jpa.repository" entity-manager-factory-ref="entityManagerFactory" transaction-manager-ref="transactionManager"/>
</beans>
