<?xml version="1.0" encoding="UTF-8"?>
<beans xmlns="http://www.springframework.org/schema/beans"
	xmlns:xsi="http://www.w3.org/2001/XMLSchema-instance"
	xmlns:mvc="http://www.springframework.org/schema/mvc"
	xsi:schemaLocation="http://www.springframework.org/schema/mvc http://www.springframework.org/schema/mvc/spring-mvc.xsd
		http://www.springframework.org/schema/beans http://www.springframework.org/schema/beans/spring-beans.xsd">
	
	<bean id="xStreamMarshaller" class="org.springframework.oxm.xstream.XStreamMarshaller">
		<property name="autodetectAnnotations" value="true"/>
	</bean>
	<mvc:annotation-driven>
		<mvc:message-converters>
			 <bean class="org.springframework.http.converter.json.MappingJackson2HttpMessageConverter">
			 	<property name="objectMapper" ref="jsonMapper"/>
			 </bean>
			 <bean class="org.springframework.http.converter.xml.MarshallingHttpMessageConverter">
			 	<property name="marshaller" ref="xStreamMarshaller"/>
			 	<property name="unmarshaller" ref="xStreamMarshaller"/>
			 </bean>
		</mvc:message-converters>
	</mvc:annotation-driven>
</beans>
