<beans xmlns="http://www.springframework.org/schema/beans"
	xmlns:hz="http://www.hazelcast.com/schema/spring" xmlns:xsi="http://www.w3.org/2001/XMLSchema-instance"
	xmlns:util="http://www.springframework.org/schema/util"
	xsi:schemaLocation="http://www.hazelcast.com/schema/spring
		http://www.hazelcast.com/schema/spring/hazelcast-spring.xsd
		http://www.springframework.org/schema/beans 
		http://www.springframework.org/schema/beans/spring-beans.xsd
		http://www.springframework.org/schema/util 
		http://www.springframework.org/schema/util/spring-util.xsd
		">

	<bean id="systemProps"
		class="org.springframework.beans.factory.config.MethodInvokingFactoryBean">
		<property name="targetObject" value="#{@systemProperties}" />
		<property name="targetMethod" value="putAll" />
		<property name="arguments">
			<util:properties>
				<prop key="hazelcast.logging.type">${hazelcast.logging.type}</prop>
				<prop key="hazelcast.jmx">${hazelcast.jmx}</prop>
			</util:properties>
		</property>
	</bean>

	<bean id="stockDetailsStore" class="com.pkp.et.cache.store.StockDetailsStore" />

	<hz:hazelcast id="hzInstance">
		<hz:config>
			<hz:instance-name>${hazelcast.instance.name}</hz:instance-name>

			<hz:group name="${hazelcast.group.name}" password="${hazelcast.group.password}" />

			<hz:management-center enabled="${hazelcast.management.center.enabled}"
				url="${hazelcast.management.center.url}" />
				
			<hz:network port="${hazelcast.port}" port-auto-increment="false">
				<hz:join>
					<hz:multicast enabled="${hazelcast.multicast.enabled}" />
					<hz:tcp-ip enabled="${hazelcast.tcp.ip.enabled}">
						<hz:members>${hazelcast.tcp.ip.members}</hz:members>
					</hz:tcp-ip>
				</hz:join>
				<hz:reuse-address>true</hz:reuse-address>
			</hz:network>
			<!-- =========== -->
			<!-- StockDetails BY SYMBOL -->
			<!-- =========== -->
			<hz:map name="STOCK_DETAILS_BY_SYMBOL">
				<hz:map-store enabled="true" write-delay-seconds="10" initial-mode="EAGER"
					implementation="stockDetailsStore" />
				<hz:indexes>
					<hz:index attribute="symbol" ordered="true" />
					<hz:index attribute="name" ordered="true" />
				</hz:indexes>
			</hz:map>
		</hz:config>
	</hz:hazelcast>

</beans>