<?xml version="1.0" encoding="UTF-8"?>
<beans xmlns="http://www.springframework.org/schema/beans"
	xmlns:xsi="http://www.w3.org/2001/XMLSchema-instance"
	xsi:schemaLocation="http://www.springframework.org/schema/beans 
						http://www.springframework.org/schema/beans/spring-beans.xsd">

	<import
		resource="classpath*:config/spring/applicationContext-et-core-properties.xml" />

	<bean id="propertyConfigurer"
		class="com.pkp.et.common.util.EncryptablePropertyPlaceholderConfigurer">
		<constructor-arg ref="configurationEncryptor" />
		<property name="properties" ref="etNsefeederConfiguration" />
		<property name="systemPropertiesModeName" value="SYSTEM_PROPERTIES_MODE_OVERRIDE" />
	</bean>

	<bean id="etNsefeederConfiguration" class="com.pkp.et.common.util.ETPropertiesFactoryBean">
		<property name="listOfLocations">
			<list>
				<ref bean="etCoreResources" />
				<ref bean="etCacheResources" />
			</list>
		</property>
	</bean>

	<bean id="etCacheResources" class="com.pkp.et.common.util.ETMultiResources">
		<property name="locations">
			<list>
				<value>classpath*:/hazelcast-config.properties</value>
				<value>classpath*:/hazelcast-config-local.properties</value>
				<value>classpath*:/hazelcast-config-test.properties</value>
			</list>
		</property>
	</bean>

</beans>
