<?xml version="1.0" encoding="UTF-8"?>
<beans xmlns="http://www.springframework.org/schema/beans"
	xmlns:xsi="http://www.w3.org/2001/XMLSchema-instance"
	xmlns:context="http://www.springframework.org/schema/context"
	xmlns:mvc="http://www.springframework.org/schema/mvc"
	xsi:schemaLocation="http://www.springframework.org/schema/mvc http://www.springframework.org/schema/mvc/spring-mvc.xsd
		http://www.springframework.org/schema/beans http://www.springframework.org/schema/beans/spring-beans.xsd
		http://www.springframework.org/schema/context http://www.springframework.org/schema/context/spring-context.xsd">
	
	<import resource="classpath*:config/spring/applicationContext-et-cache-properties.xml"/>
	
	<import resource="classpath*:config/spring/applicationContext-et-core.xml" />
	<import resource="classpath*:config/spring/applicationContext-et-core-mongo.xml"/>
	<import resource="classpath*:config/spring/applicationContext-et-cache-hazelcast.xml"/>
	
	<import resource="classpath*:config/spring/applicationContext-et-core-cache-client.xml"/>
	<import resource="classpath*:config/spring/applicationContext-et-cache-mvc.xml"/>

	<context:annotation-config />
	<context:component-scan base-package="com.pkp.et">
		<context:exclude-filter type="annotation"
			expression="org.springframework.context.annotation.Configuration" />
		<!-- <context:include-filter type="annotation" expression=""/> -->
	</context:component-scan>
</beans>
