<?xml version="1.0" encoding="UTF-8"?>
<beans xmlns="http://www.springframework.org/schema/beans"
       xmlns:xsi="http://www.w3.org/2001/XMLSchema-instance"
       xsi:schemaLocation="http://www.springframework.org/schema/beans http://www.springframework.org/schema/beans/spring-beans.xsd">

    <description>Describe the MBeans exposed by jmx remotely</description>

    <!-- Server-side Connectors to access to the beans remotely -->
    <bean id="assembler"
          class="org.springframework.jmx.export.assembler.MetadataMBeanInfoAssembler">
        <property name="attributeSource">
            <bean
                    class="org.springframework.jmx.export.annotation.AnnotationJmxAttributeSource"/>
        </property>
    </bean>

    <!-- List the beans to expose -->
    <bean id="exporter" class="org.springframework.jmx.export.MBeanExporter">
        <property name="assembler" ref="assembler"/>
        <property name="beans">
            <map>
                <entry key="bean:name=nseMtmFeederTask" value-ref="nseMtmFeederTask"/>
                <entry key="bean:name=nseMtmFilesDownloaderTask" value-ref="nseMtmFilesDownloaderTask"/>
                <entry key="bean:name=nseStockDetailsSyncTask" value-ref="nseStockDetailsSyncTask"/>
            </map>
        </property>
    </bean>

</beans>