<?xml version="1.0" encoding="UTF-8"?>
<beans xmlns="http://www.springframework.org/schema/beans"
	xmlns:batch="http://www.springframework.org/schema/batch" xmlns:jdbc="http://www.springframework.org/schema/jdbc"
	xmlns:xsi="http://www.w3.org/2001/XMLSchema-instance" xmlns:context="http://www.springframework.org/schema/context"
	xmlns:task="http://www.springframework.org/schema/task"
	xsi:schemaLocation="http://www.springframework.org/schema/jdbc http://www.springframework.org/schema/jdbc/spring-jdbc.xsd
		http://www.springframework.org/schema/task http://www.springframework.org/schema/task/spring-task.xsd
		http://www.springframework.org/schema/beans http://www.springframework.org/schema/beans/spring-beans.xsd
		http://www.springframework.org/schema/batch http://www.springframework.org/schema/batch/spring-batch.xsd
		http://www.springframework.org/schema/context http://www.springframework.org/schema/context/spring-context.xsd">

	<bean id="nseMtmFilesDownloaderTask" class="com.pkp.et.nsefeeder.batch.task.NSEMtmFilesDownloaderTask" />
	<bean id="nseMtmFeederTask" class="com.pkp.et.nsefeeder.batch.task.NSEMtmFeederTask" />
	<bean id="nseStockDetailsSyncTask" class="com.pkp.et.nsefeeder.batch.task.NSEStockDetailsSyncTask"/>

	<task:executor id="taskExecutor" pool-size="100" />

	<!-- <bean class="org.springframework.batch.integration.samples.payments.config.CommonConfig"/> -->

	<batch:job id="mtmFeederJob" parent="simpleJob">
		
		<batch:step id="nseStockDetailsSyncStep" next="downloadHistoricalMtmFilesStep">
			<batch:tasklet ref="nseStockDetailsSyncTasklet"/>
		</batch:step>
		<batch:step id="downloadHistoricalMtmFilesStep" next="loadMtmsToDBStep">
			<batch:tasklet ref="nseMtmDownloaderTasklet"/>
		</batch:step>
<!-- 		<batch:step id="loadMtms"> -->
		<batch:step id="loadMtmsToDBStep" next="cleanupFilesStep">
<!-- 			<batch:tasklet task-executor="taskExecutor" -->
			<batch:tasklet>
				<batch:chunk reader="mtmReader" processor="mtmProcessor"
					writer="mtmWriter" commit-interval="${mtm.batch.commit.interval}">
					<!-- <batch:skippable-exception-classes> <batch:include class="org.springframework.batch.item.file.FlatFileParseException"/> 
						</batch:skippable-exception-classes> -->
					<batch:listeners>
						<batch:listener>
							<bean class="com.pkp.et.nsefeeder.batch.MarkToMarketChunkListener" />
						</batch:listener>
					</batch:listeners>
				</batch:chunk>
			</batch:tasklet>
		</batch:step>
		<batch:step id="cleanupFilesStep">
			<batch:tasklet ref="fileDeletingTasklet"/>
		</batch:step>
		<batch:listeners>
			<!-- <batch:listener ref="notificationExecutionsListener" /> -->
		</batch:listeners>
	</batch:job>
	
	<bean id="nseMtmDownloaderTasklet" class="com.pkp.et.nsefeeder.batch.NSEMtmDownloaderTasklet"/>
	
	<bean id="nseStockDetailsSyncTasklet" class="com.pkp.et.nsefeeder.batch.NSEStockDetailsSyncTasklet"/>
	
	<bean id="fileDeletingTasklet" class="com.pkp.et.nsefeeder.batch.FileDeletingTasklet"
		scope="step">
		<property name="resource" value="file:///#{jobParameters['input.file.name']}" />
	</bean>

	<bean id="mtmWriter" class="com.pkp.et.nsefeeder.batch.MarkToMarketWriter" />

	<bean id="mtmProcessor" class="com.pkp.et.nsefeeder.batch.MarkToMarketProcessor" />

	<bean id="mtmReader"
		class="org.springframework.batch.item.file.MultiResourceItemReader"
		scope="step">
		<property name="resources" value="file:///#{jobParameters['input.file.name']}" />
		<property name="delegate" ref="flatFileItemReader" />
<!-- 		<property name="saveState" value="true" /> -->
	</bean>

	<bean id="flatFileItemReader" class="org.springframework.batch.item.file.FlatFileItemReader"
		scope="step">
		<property name="linesToSkip" value="1" />
<!-- 		<property name="saveState" value="true" /> -->
		<property name="lineMapper">
			<bean class="org.springframework.batch.item.file.mapping.DefaultLineMapper">
				<property name="lineTokenizer">
					<bean
						class="org.springframework.batch.item.file.transform.DelimitedLineTokenizer">
						<property name="names"
							value="SYMBOL,SERIES,OPEN,HIGH,LOW,CLOSE,LAST,PREVCLOSE,TOTTRDQTY,TOTTRDVAL,TIMESTAMP,TOTALTRADES,ISIN" />
						<property name="strict" value="false"></property>
					</bean>
				</property>
				<property name="fieldSetMapper">
					<bean class="com.pkp.et.nsefeeder.batch.MarkToMarketFieldSetMapper" />
				</property>
			</bean>
		</property>
	</bean>

</beans>
