<?xml version="1.0" encoding="UTF-8"?>
<beans xmlns="http://www.springframework.org/schema/beans"
	xmlns:xsi="http://www.w3.org/2001/XMLSchema-instance" xmlns:context="http://www.springframework.org/schema/context"
	xsi:schemaLocation="http://www.springframework.org/schema/beans http://www.springframework.org/schema/beans/spring-beans.xsd
		http://www.springframework.org/schema/context http://www.springframework.org/schema/context/spring-context.xsd">
	
	<import resource="classpath*:config/spring/applicationContext-et-feeder-nse-properties.xml"/>
	
	<import resource="classpath*:config/spring/applicationContext-et-core.xml" />
	<import resource="classpath*:config/spring/applicationContext-et-core-jpa.xml" />
	<import resource="classpath*:config/spring/applicationContext-et-core-batch.xml" />
	<import resource="classpath*:config/spring/applicationContext-et-core-mongo.xml"/>
	<import resource="classpath*:config/spring/applicationContext-et-core-cache-client.xml"/>
	
	<import resource="classpath*:config/spring/applicationContext-et-feeder-nse-batch.xml" />
	<import resource="classpath*:config/spring/applicationContext-et-feeder-nse-jmx.xml" />
	<import resource="classpath*:config/spring/applicationContext-et-feeder-nse-scheduler.xml" />
	
	
	<context:annotation-config />
	<context:component-scan base-package="com.pkp.et">
		<context:exclude-filter type="annotation"
			expression="org.springframework.context.annotation.Configuration" />
		<!-- <context:include-filter type="annotation" expression=""/> -->
	</context:component-scan>

</beans>
