<?xml version="1.0" encoding="UTF-8"?>
<beans xmlns="http://www.springframework.org/schema/beans"
	xmlns:xsi="http://www.w3.org/2001/XMLSchema-instance"
	xsi:schemaLocation="http://www.springframework.org/schema/beans 
						http://www.springframework.org/schema/beans/spring-beans.xsd">

	<bean id="etBatchCoreResources" class="com.pkp.et.common.util.ETMultiResources">
		<property name="locations">
			<list>
				<value>classpath*:/et-batch-core.properties</value>
				<value>classpath*:/et-batch-core-local.properties</value>
				<value>classpath*:/et-batch-core-test.properties</value>
			</list>
		</property>
	</bean>

</beans>
