<?xml version="1.0" encoding="UTF-8"?>
<beans xmlns="http://www.springframework.org/schema/beans"
	xmlns:xsi="http://www.w3.org/2001/XMLSchema-instance"
	xmlns:context="http://www.springframework.org/schema/context"
	xmlns:batch="http://www.springframework.org/schema/batch"
	xmlns:jdbc="http://www.springframework.org/schema/jdbc"
	xsi:schemaLocation="http://www.springframework.org/schema/jdbc http://www.springframework.org/schema/jdbc/spring-jdbc.xsd
		http://www.springframework.org/schema/beans http://www.springframework.org/schema/beans/spring-beans.xsd
		http://www.springframework.org/schema/batch http://www.springframework.org/schema/batch/spring-batch.xsd
		http://www.springframework.org/schema/context http://www.springframework.org/schema/context/spring-context.xsd">
		
	<context:component-scan base-package="com.pkp.et.core.batch" />
	
	<bean id="jobOperator"
		class="org.springframework.batch.core.launch.support.SimpleJobOperator">
		<property name="jobExplorer" ref="jobExplorer" />
		<property name="jobLauncher" ref="sequentialJobLauncher" />
		<property name="jobRepository" ref="jobRepository" />
		<property name="jobRegistry" ref="jobRegistry" />
	</bean>
	<bean id="jobExplorer"
		class="org.springframework.batch.core.explore.support.JobExplorerFactoryBean">
		<property name="dataSource" ref="dataSource" />
	</bean>

	<bean id="jobRegistry"
		class="org.springframework.batch.core.configuration.support.MapJobRegistry" />

	<bean
		class="org.springframework.batch.core.configuration.support.JobRegistryBeanPostProcessor">
		<property name="jobRegistry" ref="jobRegistry" />
	</bean>

	<bean id="sequentialJobLauncher"
		class="org.springframework.batch.core.launch.support.SimpleJobLauncher">
		<property name="jobRepository" ref="jobRepository" />
	</bean>
	
	<bean id="asyncJobLauncher"
		class="org.springframework.batch.core.launch.support.SimpleJobLauncher">
		<property name="jobRepository" ref="jobRepository" />
		<property name="taskExecutor">
			<bean class="org.springframework.core.task.SimpleAsyncTaskExecutor" />
		</property>
	</bean>
	
	<bean id="loggerStepListener" class="com.pkp.et.core.batch.LoggerStepListener"/>
	<bean id="loggerItemSkipListener" class="com.pkp.et.core.batch.LoggerItemSkipListener"/>
	<!-- <batch:job-repository id="fjobRepository" -->
	<!-- data-source="myDataSource" transaction-manager="transactionManager" -->
	<!-- isolation-level-for-create="SERIALIZABLE" /> -->
	<bean id="jobRepository"
		class="org.springframework.batch.core.repository.support.JobRepositoryFactoryBean">
		<property name="dataSource" ref="dataSource" />
		<property name="databaseType" value="${batch.database.type}" />
		<property name="transactionManager" ref="transactionManager" />
		<property name="isolationLevelForCreate" value="ISOLATION_DEFAULT" />
	</bean>

	<batch:job  id="simpleJob"
		abstract="true" job-repository="" restartable="true">
		<batch:listeners>
			<batch:listener ref="loggerJobListener" />
			<batch:listener ref="itemFailureLoggerListener" />
		</batch:listeners>
	</batch:job>
	
	<step id="defaultChunkStep" abstract="true"
		xmlns="http://www.springframework.org/schema/batch">
		<tasklet>
			<chunk>
				<skippable-exception-classes>
					<include
						class="org.springframework.batch.item.file.FlatFileParseException" />
						<include class="javax.persistence.PersistenceException" />
				</skippable-exception-classes>
			</chunk>
			<listeners>
				<listener ref="loggerStepListener" />
				<listener ref="loggerItemSkipListener" />
			</listeners>
		</tasklet>
	</step>
	
	<beans profile="TEST,LOCAL">
		<jdbc:initialize-database data-source="dataSource"
			enabled="true" ignore-failures="ALL">
			<jdbc:script
				location="classpath:/org/springframework/batch/core/schema-drop-hsql.sql" />
			<jdbc:script
				location="classpath:/org/springframework/batch/core/schema-hsql.sql" />
		</jdbc:initialize-database>
	</beans>
	<!-- 
	<beans profile="DEV___PROD">
		<jdbc:initialize-database data-source="dataSource"
			enabled="true" ignore-failures="ALL">
			<jdbc:script
				location="classpath:/org/springframework/batch/core/schema-drop-mysql.sql" />
			<jdbc:script
				location="classpath:/org/springframework/batch/core/schema-mysql.sql" />
		</jdbc:initialize-database>
	</beans>
	 -->
</beans>
